donor_id,block_id,dataset_id,dataset_cell_count
https://doi.org/10.1016/j.cell.2022.12.028#CRC01002$TEMP_DONOR,https://doi.org/10.1016/j.cell.2022.12.028#CRC01002$TEMP_BLOCK,https://doi.org/10.1016/j.cell.2022.12.028#CRC01002,483936
https://doi.org/10.1016/j.cell.2022.12.028#CRC01007$TEMP_DONOR,https://doi.org/10.1016/j.cell.2022.12.028#CRC01007$TEMP_BLOCK,https://doi.org/10.1016/j.cell.2022.12.028#CRC01007,468159
https://doi.org/10.1016/j.cell.2022.12.028#CRC01014$TEMP_DONOR,https://doi.org/10.1016/j.cell.2022.12.028#CRC01014$TEMP_BLOCK,https://doi.org/10.1016/j.cell.2022.12.028#CRC01014,427104
https://doi.org/10.1016/j.cell.2022.12.028#CRC01020$TEMP_DONOR,https://doi.org/10.1016/j.cell.2022.12.028#CRC01020$TEMP_BLOCK,https://doi.org/10.1016/j.cell.2022.12.028#CRC01020,407394
https://doi.org/10.1016/j.cell.2022.12.028#CRC01025$TEMP_DONOR,https://doi.org/10.1016/j.cell.2022.12.028#CRC01025$TEMP_BLOCK,https://doi.org/10.1016/j.cell.2022.12.028#CRC01025,414100
https://doi.org/10.1016/j.cell.2022.12.028#CRC01029$TEMP_DONOR,https://doi.org/10.1016/j.cell.2022.12.028#CRC01029$TEMP_BLOCK,https://doi.org/10.1016/j.cell.2022.12.028#CRC01029,442126
https://doi.org/10.1016/j.cell.2022.12.028#CRC01034$TEMP_DONOR,https://doi.org/10.1016/j.cell.2022.12.028#CRC01034$TEMP_BLOCK,https://doi.org/10.1016/j.cell.2022.12.028#CRC01034,553589
https://doi.org/10.1016/j.cell.2022.12.028#CRC01039$TEMP_DONOR,https://doi.org/10.1016/j.cell.2022.12.028#CRC01039$TEMP_BLOCK,https://doi.org/10.1016/j.cell.2022.12.028#CRC01039,464039
https://doi.org/10.1016/j.cell.2022.12.028#CRC01044$TEMP_DONOR,https://doi.org/10.1016/j.cell.2022.12.028#CRC01044$TEMP_BLOCK,https://doi.org/10.1016/j.cell.2022.12.028#CRC01044,386081
https://doi.org/10.1016/j.cell.2022.12.028#CRC01049$TEMP_DONOR,https://doi.org/10.1016/j.cell.2022.12.028#CRC01049$TEMP_BLOCK,https://doi.org/10.1016/j.cell.2022.12.028#CRC01049,529188
https://doi.org/10.1016/j.cell.2022.12.028#CRC01050$TEMP_DONOR,https://doi.org/10.1016/j.cell.2022.12.028#CRC01050$TEMP_BLOCK,https://doi.org/10.1016/j.cell.2022.12.028#CRC01050,505952
https://doi.org/10.1016/j.cell.2022.12.028#CRC01051$TEMP_DONOR,https://doi.org/10.1016/j.cell.2022.12.028#CRC01051$TEMP_BLOCK,https://doi.org/10.1016/j.cell.2022.12.028#CRC01051,603497
https://doi.org/10.1016/j.cell.2022.12.028#CRC01052$TEMP_DONOR,https://doi.org/10.1016/j.cell.2022.12.028#CRC01052$TEMP_BLOCK,https://doi.org/10.1016/j.cell.2022.12.028#CRC01052,564983
https://doi.org/10.1016/j.cell.2022.12.028#CRC01054$TEMP_DONOR,https://doi.org/10.1016/j.cell.2022.12.028#CRC01054$TEMP_BLOCK,https://doi.org/10.1016/j.cell.2022.12.028#CRC01054,508839
https://doi.org/10.1016/j.cell.2022.12.028#CRC01059$TEMP_DONOR,https://doi.org/10.1016/j.cell.2022.12.028#CRC01059$TEMP_BLOCK,https://doi.org/10.1016/j.cell.2022.12.028#CRC01059,484964
https://doi.org/10.1016/j.cell.2022.12.028#CRC01064$TEMP_DONOR,https://doi.org/10.1016/j.cell.2022.12.028#CRC01064$TEMP_BLOCK,https://doi.org/10.1016/j.cell.2022.12.028#CRC01064,582209
https://doi.org/10.1016/j.cell.2022.12.028#CRC01069$TEMP_DONOR,https://doi.org/10.1016/j.cell.2022.12.028#CRC01069$TEMP_BLOCK,https://doi.org/10.1016/j.cell.2022.12.028#CRC01069,499890
https://doi.org/10.1016/j.cell.2022.12.028#CRC01074$TEMP_DONOR,https://doi.org/10.1016/j.cell.2022.12.028#CRC01074$TEMP_BLOCK,https://doi.org/10.1016/j.cell.2022.12.028#CRC01074,573396
https://doi.org/10.1016/j.cell.2022.12.028#CRC01078$TEMP_DONOR,https://doi.org/10.1016/j.cell.2022.12.028#CRC01078$TEMP_BLOCK,https://doi.org/10.1016/j.cell.2022.12.028#CRC01078,552656
https://doi.org/10.1016/j.cell.2022.12.028#CRC01084$TEMP_DONOR,https://doi.org/10.1016/j.cell.2022.12.028#CRC01084$TEMP_BLOCK,https://doi.org/10.1016/j.cell.2022.12.028#CRC01084,570522
https://doi.org/10.1016/j.cell.2022.12.028#CRC01086$TEMP_DONOR,https://doi.org/10.1016/j.cell.2022.12.028#CRC01086$TEMP_BLOCK,https://doi.org/10.1016/j.cell.2022.12.028#CRC01086,559297
https://doi.org/10.1016/j.cell.2022.12.028#CRC01091$TEMP_DONOR,https://doi.org/10.1016/j.cell.2022.12.028#CRC01091$TEMP_BLOCK,https://doi.org/10.1016/j.cell.2022.12.028#CRC01091,511304
https://doi.org/10.1016/j.cell.2022.12.028#CRC01097$TEMP_DONOR,https://doi.org/10.1016/j.cell.2022.12.028#CRC01097$TEMP_BLOCK,https://doi.org/10.1016/j.cell.2022.12.028#CRC01097,563326
https://doi.org/10.1016/j.cell.2022.12.028#CRC01102$TEMP_DONOR,https://doi.org/10.1016/j.cell.2022.12.028#CRC01102$TEMP_BLOCK,https://doi.org/10.1016/j.cell.2022.12.028#CRC01102,557363
https://doi.org/10.1016/j.cell.2022.12.028#CRC01106$TEMP_DONOR,https://doi.org/10.1016/j.cell.2022.12.028#CRC01106$TEMP_BLOCK,https://doi.org/10.1016/j.cell.2022.12.028#CRC01106,544227
https://data.humantumoratlas.org/publications/hta10_2025_tbd_rongduo-han#layer_10$TEMP_DONOR,https://data.humantumoratlas.org/publications/hta10_2025_tbd_rongduo-han#layer_10$TEMP_BLOCK,https://data.humantumoratlas.org/publications/hta10_2025_tbd_rongduo-han#layer_10,90600
https://data.humantumoratlas.org/publications/hta10_2025_tbd_rongduo-han#layer_11$TEMP_DONOR,https://data.humantumoratlas.org/publications/hta10_2025_tbd_rongduo-han#layer_11$TEMP_BLOCK,https://data.humantumoratlas.org/publications/hta10_2025_tbd_rongduo-han#layer_11,91530
https://data.humantumoratlas.org/publications/hta10_2025_tbd_rongduo-han#layer_12$TEMP_DONOR,https://data.humantumoratlas.org/publications/hta10_2025_tbd_rongduo-han#layer_12$TEMP_BLOCK,https://data.humantumoratlas.org/publications/hta10_2025_tbd_rongduo-han#layer_12,91819
https://data.humantumoratlas.org/publications/hta10_2025_tbd_rongduo-han#layer_13$TEMP_DONOR,https://data.humantumoratlas.org/publications/hta10_2025_tbd_rongduo-han#layer_13$TEMP_BLOCK,https://data.humantumoratlas.org/publications/hta10_2025_tbd_rongduo-han#layer_13,92547
https://data.humantumoratlas.org/publications/hta10_2025_tbd_rongduo-han#layer_14$TEMP_DONOR,https://data.humantumoratlas.org/publications/hta10_2025_tbd_rongduo-han#layer_14$TEMP_BLOCK,https://data.humantumoratlas.org/publications/hta10_2025_tbd_rongduo-han#layer_14,92185
https://data.humantumoratlas.org/publications/hta10_2025_tbd_rongduo-han#layer_15$TEMP_DONOR,https://data.humantumoratlas.org/publications/hta10_2025_tbd_rongduo-han#layer_15$TEMP_BLOCK,https://data.humantumoratlas.org/publications/hta10_2025_tbd_rongduo-han#layer_15,92230
https://data.humantumoratlas.org/publications/hta10_2025_tbd_rongduo-han#layer_16$TEMP_DONOR,https://data.humantumoratlas.org/publications/hta10_2025_tbd_rongduo-han#layer_16$TEMP_BLOCK,https://data.humantumoratlas.org/publications/hta10_2025_tbd_rongduo-han#layer_16,91422
https://data.humantumoratlas.org/publications/hta10_2025_tbd_rongduo-han#layer_17$TEMP_DONOR,https://data.humantumoratlas.org/publications/hta10_2025_tbd_rongduo-han#layer_17$TEMP_BLOCK,https://data.humantumoratlas.org/publications/hta10_2025_tbd_rongduo-han#layer_17,93543
https://data.humantumoratlas.org/publications/hta10_2025_tbd_rongduo-han#layer_18$TEMP_DONOR,https://data.humantumoratlas.org/publications/hta10_2025_tbd_rongduo-han#layer_18$TEMP_BLOCK,https://data.humantumoratlas.org/publications/hta10_2025_tbd_rongduo-han#layer_18,94374
https://data.humantumoratlas.org/publications/hta10_2025_tbd_rongduo-han#layer_19$TEMP_DONOR,https://data.humantumoratlas.org/publications/hta10_2025_tbd_rongduo-han#layer_19$TEMP_BLOCK,https://data.humantumoratlas.org/publications/hta10_2025_tbd_rongduo-han#layer_19,95709
https://data.humantumoratlas.org/publications/hta10_2025_tbd_rongduo-han#layer_20$TEMP_DONOR,https://data.humantumoratlas.org/publications/hta10_2025_tbd_rongduo-han#layer_20$TEMP_BLOCK,https://data.humantumoratlas.org/publications/hta10_2025_tbd_rongduo-han#layer_20,96340
https://data.humantumoratlas.org/publications/hta10_2025_tbd_rongduo-han#layer_21$TEMP_DONOR,https://data.humantumoratlas.org/publications/hta10_2025_tbd_rongduo-han#layer_21$TEMP_BLOCK,https://data.humantumoratlas.org/publications/hta10_2025_tbd_rongduo-han#layer_21,95411
https://data.humantumoratlas.org/publications/hta10_2025_tbd_rongduo-han#layer_22$TEMP_DONOR,https://data.humantumoratlas.org/publications/hta10_2025_tbd_rongduo-han#layer_22$TEMP_BLOCK,https://data.humantumoratlas.org/publications/hta10_2025_tbd_rongduo-han#layer_22,95639
https://data.humantumoratlas.org/publications/hta10_2025_tbd_rongduo-han#layer_23$TEMP_DONOR,https://data.humantumoratlas.org/publications/hta10_2025_tbd_rongduo-han#layer_23$TEMP_BLOCK,https://data.humantumoratlas.org/publications/hta10_2025_tbd_rongduo-han#layer_23,84250
https://data.humantumoratlas.org/publications/hta10_2025_tbd_rongduo-han#layer_24$TEMP_DONOR,https://data.humantumoratlas.org/publications/hta10_2025_tbd_rongduo-han#layer_24$TEMP_BLOCK,https://data.humantumoratlas.org/publications/hta10_2025_tbd_rongduo-han#layer_24,82404
https://data.humantumoratlas.org/publications/hta10_2025_tbd_rongduo-han#layer_25$TEMP_DONOR,https://data.humantumoratlas.org/publications/hta10_2025_tbd_rongduo-han#layer_25$TEMP_BLOCK,https://data.humantumoratlas.org/publications/hta10_2025_tbd_rongduo-han#layer_25,83357
https://data.humantumoratlas.org/publications/hta10_2025_tbd_rongduo-han#layer_26$TEMP_DONOR,https://data.humantumoratlas.org/publications/hta10_2025_tbd_rongduo-han#layer_26$TEMP_BLOCK,https://data.humantumoratlas.org/publications/hta10_2025_tbd_rongduo-han#layer_26,84058
https://data.humantumoratlas.org/publications/hta10_2025_tbd_rongduo-han#layer_27$TEMP_DONOR,https://data.humantumoratlas.org/publications/hta10_2025_tbd_rongduo-han#layer_27$TEMP_BLOCK,https://data.humantumoratlas.org/publications/hta10_2025_tbd_rongduo-han#layer_27,85100
https://data.humantumoratlas.org/publications/hta10_2025_tbd_rongduo-han#layer_28$TEMP_DONOR,https://data.humantumoratlas.org/publications/hta10_2025_tbd_rongduo-han#layer_28$TEMP_BLOCK,https://data.humantumoratlas.org/publications/hta10_2025_tbd_rongduo-han#layer_28,86353
https://data.humantumoratlas.org/publications/hta10_2025_tbd_rongduo-han#layer_29$TEMP_DONOR,https://data.humantumoratlas.org/publications/hta10_2025_tbd_rongduo-han#layer_29$TEMP_BLOCK,https://data.humantumoratlas.org/publications/hta10_2025_tbd_rongduo-han#layer_29,86351
https://data.humantumoratlas.org/publications/hta10_2025_tbd_rongduo-han#layer_3$TEMP_DONOR,https://data.humantumoratlas.org/publications/hta10_2025_tbd_rongduo-han#layer_3$TEMP_BLOCK,https://data.humantumoratlas.org/publications/hta10_2025_tbd_rongduo-han#layer_3,93982
https://data.humantumoratlas.org/publications/hta10_2025_tbd_rongduo-han#layer_30$TEMP_DONOR,https://data.humantumoratlas.org/publications/hta10_2025_tbd_rongduo-han#layer_30$TEMP_BLOCK,https://data.humantumoratlas.org/publications/hta10_2025_tbd_rongduo-han#layer_30,88223
https://data.humantumoratlas.org/publications/hta10_2025_tbd_rongduo-han#layer_31$TEMP_DONOR,https://data.humantumoratlas.org/publications/hta10_2025_tbd_rongduo-han#layer_31$TEMP_BLOCK,https://data.humantumoratlas.org/publications/hta10_2025_tbd_rongduo-han#layer_31,87295
https://data.humantumoratlas.org/publications/hta10_2025_tbd_rongduo-han#layer_4$TEMP_DONOR,https://data.humantumoratlas.org/publications/hta10_2025_tbd_rongduo-han#layer_4$TEMP_BLOCK,https://data.humantumoratlas.org/publications/hta10_2025_tbd_rongduo-han#layer_4,94650
https://data.humantumoratlas.org/publications/hta10_2025_tbd_rongduo-han#layer_5$TEMP_DONOR,https://data.humantumoratlas.org/publications/hta10_2025_tbd_rongduo-han#layer_5$TEMP_BLOCK,https://data.humantumoratlas.org/publications/hta10_2025_tbd_rongduo-han#layer_5,95402
https://data.humantumoratlas.org/publications/hta10_2025_tbd_rongduo-han#layer_6$TEMP_DONOR,https://data.humantumoratlas.org/publications/hta10_2025_tbd_rongduo-han#layer_6$TEMP_BLOCK,https://data.humantumoratlas.org/publications/hta10_2025_tbd_rongduo-han#layer_6,95869
https://data.humantumoratlas.org/publications/hta10_2025_tbd_rongduo-han#layer_7$TEMP_DONOR,https://data.humantumoratlas.org/publications/hta10_2025_tbd_rongduo-han#layer_7$TEMP_BLOCK,https://data.humantumoratlas.org/publications/hta10_2025_tbd_rongduo-han#layer_7,94070
https://data.humantumoratlas.org/publications/hta10_2025_tbd_rongduo-han#layer_8$TEMP_DONOR,https://data.humantumoratlas.org/publications/hta10_2025_tbd_rongduo-han#layer_8$TEMP_BLOCK,https://data.humantumoratlas.org/publications/hta10_2025_tbd_rongduo-han#layer_8,92446
https://data.humantumoratlas.org/publications/hta10_2025_tbd_rongduo-han#layer_9$TEMP_DONOR,https://data.humantumoratlas.org/publications/hta10_2025_tbd_rongduo-han#layer_9$TEMP_BLOCK,https://data.humantumoratlas.org/publications/hta10_2025_tbd_rongduo-han#layer_9,92056
https://doi.org/10.1038/s41592-022-01651-8#esophagus$TEMP_DONOR,https://doi.org/10.1038/s41592-022-01651-8#esophagus$TEMP_BLOCK,https://doi.org/10.1038/s41592-022-01651-8#esophagus,45958
https://entity.api.hubmapconsortium.org/entities/c5334b682758b141c481f87ae010b537$TEMP_DONOR,https://entity.api.hubmapconsortium.org/entities/c5334b682758b141c481f87ae010b537$TEMP_BLOCK,https://entity.api.hubmapconsortium.org/entities/c5334b682758b141c481f87ae010b537,21232
https://entity.api.hubmapconsortium.org/entities/5b8a17e92defe510fa91b3a97a728831$TEMP_DONOR,https://entity.api.hubmapconsortium.org/entities/5b8a17e92defe510fa91b3a97a728831$TEMP_BLOCK,https://entity.api.hubmapconsortium.org/entities/5b8a17e92defe510fa91b3a97a728831,30547
https://entity.api.hubmapconsortium.org/entities/e6fd525b837f4cf736c8af830f4f750f$TEMP_DONOR,https://entity.api.hubmapconsortium.org/entities/e6fd525b837f4cf736c8af830f4f750f$TEMP_BLOCK,https://entity.api.hubmapconsortium.org/entities/e6fd525b837f4cf736c8af830f4f750f,25063
https://entity.api.hubmapconsortium.org/entities/11b4f413984624557c2b1a4566b0d71a$TEMP_DONOR,https://entity.api.hubmapconsortium.org/entities/11b4f413984624557c2b1a4566b0d71a$TEMP_BLOCK,https://entity.api.hubmapconsortium.org/entities/11b4f413984624557c2b1a4566b0d71a,44170
https://entity.api.hubmapconsortium.org/entities/5dcd80f33dd59321055f621791918516$TEMP_DONOR,https://entity.api.hubmapconsortium.org/entities/5dcd80f33dd59321055f621791918516$TEMP_BLOCK,https://entity.api.hubmapconsortium.org/entities/5dcd80f33dd59321055f621791918516,26494
https://entity.api.hubmapconsortium.org/entities/0daec302e2745287b29948a8c8c30cf1$TEMP_DONOR,https://entity.api.hubmapconsortium.org/entities/0daec302e2745287b29948a8c8c30cf1$TEMP_BLOCK,https://entity.api.hubmapconsortium.org/entities/0daec302e2745287b29948a8c8c30cf1,36921
https://entity.api.hubmapconsortium.org/entities/5afac98d9f449f2169b505179dd96f0e$TEMP_DONOR,https://entity.api.hubmapconsortium.org/entities/5afac98d9f449f2169b505179dd96f0e$TEMP_BLOCK,https://entity.api.hubmapconsortium.org/entities/5afac98d9f449f2169b505179dd96f0e,30067
https://entity.api.hubmapconsortium.org/entities/98d54824c0eb9843865dfc3a53b4cff4$TEMP_DONOR,https://entity.api.hubmapconsortium.org/entities/98d54824c0eb9843865dfc3a53b4cff4$TEMP_BLOCK,https://entity.api.hubmapconsortium.org/entities/98d54824c0eb9843865dfc3a53b4cff4,33793
https://entity.api.hubmapconsortium.org/entities/52ef1c33a11494b43d8979e0e6057caa$TEMP_DONOR,https://entity.api.hubmapconsortium.org/entities/52ef1c33a11494b43d8979e0e6057caa$TEMP_BLOCK,https://entity.api.hubmapconsortium.org/entities/52ef1c33a11494b43d8979e0e6057caa,17312
https://entity.api.hubmapconsortium.org/entities/3480cd404d4bacd7bb8d21be8de12c6c$TEMP_DONOR,https://entity.api.hubmapconsortium.org/entities/3480cd404d4bacd7bb8d21be8de12c6c$TEMP_BLOCK,https://entity.api.hubmapconsortium.org/entities/3480cd404d4bacd7bb8d21be8de12c6c,51294
https://entity.api.hubmapconsortium.org/entities/153b0fe8575ff1a17768319ba6dbaa5c$TEMP_DONOR,https://entity.api.hubmapconsortium.org/entities/153b0fe8575ff1a17768319ba6dbaa5c$TEMP_BLOCK,https://entity.api.hubmapconsortium.org/entities/153b0fe8575ff1a17768319ba6dbaa5c,14230
https://entity.api.hubmapconsortium.org/entities/7b8380782bc3f9ba8dca693909477b66$TEMP_DONOR,https://entity.api.hubmapconsortium.org/entities/7b8380782bc3f9ba8dca693909477b66$TEMP_BLOCK,https://entity.api.hubmapconsortium.org/entities/7b8380782bc3f9ba8dca693909477b66,23558
https://entity.api.hubmapconsortium.org/entities/3a4fb23a49fba2647dba2b8f57976d25$TEMP_DONOR,https://entity.api.hubmapconsortium.org/entities/3a4fb23a49fba2647dba2b8f57976d25$TEMP_BLOCK,https://entity.api.hubmapconsortium.org/entities/3a4fb23a49fba2647dba2b8f57976d25,17670
https://entity.api.hubmapconsortium.org/entities/40b8449d2e4edbf2168dfadaefd0ffe4$TEMP_DONOR,https://entity.api.hubmapconsortium.org/entities/40b8449d2e4edbf2168dfadaefd0ffe4$TEMP_BLOCK,https://entity.api.hubmapconsortium.org/entities/40b8449d2e4edbf2168dfadaefd0ffe4,86102
https://entity.api.hubmapconsortium.org/entities/8704f735f701691de8ba8f88ebf01a77$TEMP_DONOR,https://entity.api.hubmapconsortium.org/entities/8704f735f701691de8ba8f88ebf01a77$TEMP_BLOCK,https://entity.api.hubmapconsortium.org/entities/8704f735f701691de8ba8f88ebf01a77,38321
https://entity.api.hubmapconsortium.org/entities/3f3fc7fbd6c9ddffd3cd96e07b946252$TEMP_DONOR,https://entity.api.hubmapconsortium.org/entities/3f3fc7fbd6c9ddffd3cd96e07b946252$TEMP_BLOCK,https://entity.api.hubmapconsortium.org/entities/3f3fc7fbd6c9ddffd3cd96e07b946252,33281
https://entity.api.hubmapconsortium.org/entities/4887c97a8f862dfd0927fca83772da67$TEMP_DONOR,https://entity.api.hubmapconsortium.org/entities/4887c97a8f862dfd0927fca83772da67$TEMP_BLOCK,https://entity.api.hubmapconsortium.org/entities/4887c97a8f862dfd0927fca83772da67,38371
https://entity.api.hubmapconsortium.org/entities/699e1e0966bf3bc53e8a114eff9c75d0$TEMP_DONOR,https://entity.api.hubmapconsortium.org/entities/699e1e0966bf3bc53e8a114eff9c75d0$TEMP_BLOCK,https://entity.api.hubmapconsortium.org/entities/699e1e0966bf3bc53e8a114eff9c75d0,20379
https://entity.api.hubmapconsortium.org/entities/59f7fa785f9dbd46f45758e22454e912$TEMP_DONOR,https://entity.api.hubmapconsortium.org/entities/59f7fa785f9dbd46f45758e22454e912$TEMP_BLOCK,https://entity.api.hubmapconsortium.org/entities/59f7fa785f9dbd46f45758e22454e912,24585
https://entity.api.hubmapconsortium.org/entities/ceeb65e769fd592cbc9caad267cbe4fe$TEMP_DONOR,https://entity.api.hubmapconsortium.org/entities/ceeb65e769fd592cbc9caad267cbe4fe$TEMP_BLOCK,https://entity.api.hubmapconsortium.org/entities/ceeb65e769fd592cbc9caad267cbe4fe,56310
https://entity.api.hubmapconsortium.org/entities/133bc98251c8b80923f550ea2678380e$TEMP_DONOR,https://entity.api.hubmapconsortium.org/entities/133bc98251c8b80923f550ea2678380e$TEMP_BLOCK,https://entity.api.hubmapconsortium.org/entities/133bc98251c8b80923f550ea2678380e,89907
https://entity.api.hubmapconsortium.org/entities/1ef4a756160bd478823f7f400c3d3709$TEMP_DONOR,https://entity.api.hubmapconsortium.org/entities/1ef4a756160bd478823f7f400c3d3709$TEMP_BLOCK,https://entity.api.hubmapconsortium.org/entities/1ef4a756160bd478823f7f400c3d3709,35371
https://entity.api.hubmapconsortium.org/entities/1aea5d37b6bef49653515595f228c545$TEMP_DONOR,https://entity.api.hubmapconsortium.org/entities/1aea5d37b6bef49653515595f228c545$TEMP_BLOCK,https://entity.api.hubmapconsortium.org/entities/1aea5d37b6bef49653515595f228c545,41063
https://entity.api.hubmapconsortium.org/entities/ec8f9880b5dda90c3c6017ba670097a9$TEMP_DONOR,https://entity.api.hubmapconsortium.org/entities/ec8f9880b5dda90c3c6017ba670097a9$TEMP_BLOCK,https://entity.api.hubmapconsortium.org/entities/ec8f9880b5dda90c3c6017ba670097a9,31283
https://entity.api.hubmapconsortium.org/entities/262419be2d6fc1fbbbdcbf9645d7b11a$TEMP_DONOR,https://entity.api.hubmapconsortium.org/entities/262419be2d6fc1fbbbdcbf9645d7b11a$TEMP_BLOCK,https://entity.api.hubmapconsortium.org/entities/262419be2d6fc1fbbbdcbf9645d7b11a,78213
https://entity.api.hubmapconsortium.org/entities/61b3818a8c762a5708b275a714360608$TEMP_DONOR,https://entity.api.hubmapconsortium.org/entities/61b3818a8c762a5708b275a714360608$TEMP_BLOCK,https://entity.api.hubmapconsortium.org/entities/61b3818a8c762a5708b275a714360608,37200
https://entity.api.hubmapconsortium.org/entities/61e800af49715fa70ec90a7c53f3c389$TEMP_DONOR,https://entity.api.hubmapconsortium.org/entities/61e800af49715fa70ec90a7c53f3c389$TEMP_BLOCK,https://entity.api.hubmapconsortium.org/entities/61e800af49715fa70ec90a7c53f3c389,37213
https://entity.api.hubmapconsortium.org/entities/fb71322290f359a730b709e2c58f8897$TEMP_DONOR,https://entity.api.hubmapconsortium.org/entities/fb71322290f359a730b709e2c58f8897$TEMP_BLOCK,https://entity.api.hubmapconsortium.org/entities/fb71322290f359a730b709e2c58f8897,50954
https://entity.api.hubmapconsortium.org/entities/a9d4471b41cd0d8185e12dd6c5a48e96$TEMP_DONOR,https://entity.api.hubmapconsortium.org/entities/a9d4471b41cd0d8185e12dd6c5a48e96$TEMP_BLOCK,https://entity.api.hubmapconsortium.org/entities/a9d4471b41cd0d8185e12dd6c5a48e96,37304
https://entity.api.hubmapconsortium.org/entities/98c1bc0a44802108a6dcf8ce281628a7$TEMP_DONOR,https://entity.api.hubmapconsortium.org/entities/98c1bc0a44802108a6dcf8ce281628a7$TEMP_BLOCK,https://entity.api.hubmapconsortium.org/entities/98c1bc0a44802108a6dcf8ce281628a7,5829
https://entity.api.hubmapconsortium.org/entities/2958cd11dad5ee8bcf7bf8d4b3e4a128$TEMP_DONOR,https://entity.api.hubmapconsortium.org/entities/2958cd11dad5ee8bcf7bf8d4b3e4a128$TEMP_BLOCK,https://entity.api.hubmapconsortium.org/entities/2958cd11dad5ee8bcf7bf8d4b3e4a128,43783
https://entity.api.hubmapconsortium.org/entities/a0946b9a99b0940c5e9eb7587deafee5$TEMP_DONOR,https://entity.api.hubmapconsortium.org/entities/a0946b9a99b0940c5e9eb7587deafee5$TEMP_BLOCK,https://entity.api.hubmapconsortium.org/entities/a0946b9a99b0940c5e9eb7587deafee5,22279
https://entity.api.hubmapconsortium.org/entities/f7b14f3298c0676d8cc5b127e72c8bc7$TEMP_DONOR,https://entity.api.hubmapconsortium.org/entities/f7b14f3298c0676d8cc5b127e72c8bc7$TEMP_BLOCK,https://entity.api.hubmapconsortium.org/entities/f7b14f3298c0676d8cc5b127e72c8bc7,43092
https://entity.api.hubmapconsortium.org/entities/746688ea37608c8dbbcc1805adc0413c$TEMP_DONOR,https://entity.api.hubmapconsortium.org/entities/746688ea37608c8dbbcc1805adc0413c$TEMP_BLOCK,https://entity.api.hubmapconsortium.org/entities/746688ea37608c8dbbcc1805adc0413c,88586
https://entity.api.hubmapconsortium.org/entities/4ea2c240173bda1bd799b0f17e55a96d$TEMP_DONOR,https://entity.api.hubmapconsortium.org/entities/4ea2c240173bda1bd799b0f17e55a96d$TEMP_BLOCK,https://entity.api.hubmapconsortium.org/entities/4ea2c240173bda1bd799b0f17e55a96d,77354
https://entity.api.hubmapconsortium.org/entities/be815eafcdc11825037586353cf34b86$TEMP_DONOR,https://entity.api.hubmapconsortium.org/entities/be815eafcdc11825037586353cf34b86$TEMP_BLOCK,https://entity.api.hubmapconsortium.org/entities/be815eafcdc11825037586353cf34b86,88436
https://entity.api.hubmapconsortium.org/entities/c0f9540056469f86daa7c7a363dfb0bd$TEMP_DONOR,https://entity.api.hubmapconsortium.org/entities/c0f9540056469f86daa7c7a363dfb0bd$TEMP_BLOCK,https://entity.api.hubmapconsortium.org/entities/c0f9540056469f86daa7c7a363dfb0bd,48517
https://entity.api.hubmapconsortium.org/entities/7500e7f02589f4b4e55641f09723c3de$TEMP_DONOR,https://entity.api.hubmapconsortium.org/entities/7500e7f02589f4b4e55641f09723c3de$TEMP_BLOCK,https://entity.api.hubmapconsortium.org/entities/7500e7f02589f4b4e55641f09723c3de,58349
https://entity.api.hubmapconsortium.org/entities/8eeca1a98041348bb14fd652b766661e$TEMP_DONOR,https://entity.api.hubmapconsortium.org/entities/8eeca1a98041348bb14fd652b766661e$TEMP_BLOCK,https://entity.api.hubmapconsortium.org/entities/8eeca1a98041348bb14fd652b766661e,40551
https://entity.api.hubmapconsortium.org/entities/9b18ca7a4c869239ddf80f0dbae7438d$TEMP_DONOR,https://entity.api.hubmapconsortium.org/entities/9b18ca7a4c869239ddf80f0dbae7438d$TEMP_BLOCK,https://entity.api.hubmapconsortium.org/entities/9b18ca7a4c869239ddf80f0dbae7438d,34642
https://entity.api.hubmapconsortium.org/entities/b3e6c1651d33bdec8a827144c667e998$TEMP_DONOR,https://entity.api.hubmapconsortium.org/entities/b3e6c1651d33bdec8a827144c667e998$TEMP_BLOCK,https://entity.api.hubmapconsortium.org/entities/b3e6c1651d33bdec8a827144c667e998,34133
https://entity.api.hubmapconsortium.org/entities/371a66eb271ddc229fa5cb2c3a20ca12$TEMP_DONOR,https://entity.api.hubmapconsortium.org/entities/371a66eb271ddc229fa5cb2c3a20ca12$TEMP_BLOCK,https://entity.api.hubmapconsortium.org/entities/371a66eb271ddc229fa5cb2c3a20ca12,39839
https://entity.api.hubmapconsortium.org/entities/aabf05e28a70e7da1fc2558d9a2d82af$TEMP_DONOR,https://entity.api.hubmapconsortium.org/entities/aabf05e28a70e7da1fc2558d9a2d82af$TEMP_BLOCK,https://entity.api.hubmapconsortium.org/entities/aabf05e28a70e7da1fc2558d9a2d82af,19612
https://entity.api.hubmapconsortium.org/entities/aea2908c0165645e2c1a1251362c2465$TEMP_DONOR,https://entity.api.hubmapconsortium.org/entities/aea2908c0165645e2c1a1251362c2465$TEMP_BLOCK,https://entity.api.hubmapconsortium.org/entities/aea2908c0165645e2c1a1251362c2465,31583
https://entity.api.hubmapconsortium.org/entities/50f466268d42ee8ebf929757ed670d12$TEMP_DONOR,https://entity.api.hubmapconsortium.org/entities/50f466268d42ee8ebf929757ed670d12$TEMP_BLOCK,https://entity.api.hubmapconsortium.org/entities/50f466268d42ee8ebf929757ed670d12,54111
https://entity.api.hubmapconsortium.org/entities/c8ee4bd8f052b50fab2e9e9365793374$TEMP_DONOR,https://entity.api.hubmapconsortium.org/entities/c8ee4bd8f052b50fab2e9e9365793374$TEMP_BLOCK,https://entity.api.hubmapconsortium.org/entities/c8ee4bd8f052b50fab2e9e9365793374,22961
https://entity.api.hubmapconsortium.org/entities/a702c94500a2f737b722e34f6df7e7dd$TEMP_DONOR,https://entity.api.hubmapconsortium.org/entities/a702c94500a2f737b722e34f6df7e7dd$TEMP_BLOCK,https://entity.api.hubmapconsortium.org/entities/a702c94500a2f737b722e34f6df7e7dd,24158
https://entity.api.hubmapconsortium.org/entities/b6f3dd854f9826cad29a2f63261e3a54$TEMP_DONOR,https://entity.api.hubmapconsortium.org/entities/b6f3dd854f9826cad29a2f63261e3a54$TEMP_BLOCK,https://entity.api.hubmapconsortium.org/entities/b6f3dd854f9826cad29a2f63261e3a54,14924
https://entity.api.hubmapconsortium.org/entities/4839e7564bc7676e781b8f3f9bfbf35b$TEMP_DONOR,https://entity.api.hubmapconsortium.org/entities/4839e7564bc7676e781b8f3f9bfbf35b$TEMP_BLOCK,https://entity.api.hubmapconsortium.org/entities/4839e7564bc7676e781b8f3f9bfbf35b,66845
https://entity.api.hubmapconsortium.org/entities/a7ecf4fd858a58dcaa3bab5df455065b$TEMP_DONOR,https://entity.api.hubmapconsortium.org/entities/a7ecf4fd858a58dcaa3bab5df455065b$TEMP_BLOCK,https://entity.api.hubmapconsortium.org/entities/a7ecf4fd858a58dcaa3bab5df455065b,32944
https://entity.api.hubmapconsortium.org/entities/9e28cdbdb5bc5b3cf7299f13635eebc9$TEMP_DONOR,https://entity.api.hubmapconsortium.org/entities/9e28cdbdb5bc5b3cf7299f13635eebc9$TEMP_BLOCK,https://entity.api.hubmapconsortium.org/entities/9e28cdbdb5bc5b3cf7299f13635eebc9,20504
https://entity.api.hubmapconsortium.org/entities/e45724a72ab0e7d7b283451836dd983e$TEMP_DONOR,https://entity.api.hubmapconsortium.org/entities/e45724a72ab0e7d7b283451836dd983e$TEMP_BLOCK,https://entity.api.hubmapconsortium.org/entities/e45724a72ab0e7d7b283451836dd983e,44026
https://entity.api.hubmapconsortium.org/entities/7034950e109586361e73c1b9ddb81346$TEMP_DONOR,https://entity.api.hubmapconsortium.org/entities/7034950e109586361e73c1b9ddb81346$TEMP_BLOCK,https://entity.api.hubmapconsortium.org/entities/7034950e109586361e73c1b9ddb81346,30724
https://entity.api.hubmapconsortium.org/entities/9d85dec83a12ae900c5b7603cb74d6ca$TEMP_DONOR,https://entity.api.hubmapconsortium.org/entities/9d85dec83a12ae900c5b7603cb74d6ca$TEMP_BLOCK,https://entity.api.hubmapconsortium.org/entities/9d85dec83a12ae900c5b7603cb74d6ca,20382
https://entity.api.hubmapconsortium.org/entities/cf25bdcd6bae8045f6b88bb3c9a32207$TEMP_DONOR,https://entity.api.hubmapconsortium.org/entities/cf25bdcd6bae8045f6b88bb3c9a32207$TEMP_BLOCK,https://entity.api.hubmapconsortium.org/entities/cf25bdcd6bae8045f6b88bb3c9a32207,21201
https://entity.api.hubmapconsortium.org/entities/efaecdc1565274900386733cf1661ca6$TEMP_DONOR,https://entity.api.hubmapconsortium.org/entities/efaecdc1565274900386733cf1661ca6$TEMP_BLOCK,https://entity.api.hubmapconsortium.org/entities/efaecdc1565274900386733cf1661ca6,31751
https://entity.api.hubmapconsortium.org/entities/f9ae88d0a98b274efe18f03622de08a7$TEMP_DONOR,https://entity.api.hubmapconsortium.org/entities/f9ae88d0a98b274efe18f03622de08a7$TEMP_BLOCK,https://entity.api.hubmapconsortium.org/entities/f9ae88d0a98b274efe18f03622de08a7,31219
https://entity.api.hubmapconsortium.org/entities/33fcecfcdb5a264554dc06db897cd4f8$TEMP_DONOR,https://entity.api.hubmapconsortium.org/entities/33fcecfcdb5a264554dc06db897cd4f8$TEMP_BLOCK,https://entity.api.hubmapconsortium.org/entities/33fcecfcdb5a264554dc06db897cd4f8,33958
https://entity.api.hubmapconsortium.org/entities/763635933fb185b0174ea09273b36583$TEMP_DONOR,https://entity.api.hubmapconsortium.org/entities/763635933fb185b0174ea09273b36583$TEMP_BLOCK,https://entity.api.hubmapconsortium.org/entities/763635933fb185b0174ea09273b36583,72748
https://entity.api.hubmapconsortium.org/entities/6df2f796ad72307d04dc94d688b725c5$TEMP_DONOR,https://entity.api.hubmapconsortium.org/entities/6df2f796ad72307d04dc94d688b725c5$TEMP_BLOCK,https://entity.api.hubmapconsortium.org/entities/6df2f796ad72307d04dc94d688b725c5,67636
https://entity.api.hubmapconsortium.org/entities/be737d348cf32ff4c38145a928e0f435$TEMP_DONOR,https://entity.api.hubmapconsortium.org/entities/be737d348cf32ff4c38145a928e0f435$TEMP_BLOCK,https://entity.api.hubmapconsortium.org/entities/be737d348cf32ff4c38145a928e0f435,32520
https://entity.api.hubmapconsortium.org/entities/96f5c73df89d553cda6547b508aee854$TEMP_DONOR,https://entity.api.hubmapconsortium.org/entities/96f5c73df89d553cda6547b508aee854$TEMP_BLOCK,https://entity.api.hubmapconsortium.org/entities/96f5c73df89d553cda6547b508aee854,25403
https://entity.api.hubmapconsortium.org/entities/fa789beae7f1a0ad9947de50c329e3db$TEMP_DONOR,https://entity.api.hubmapconsortium.org/entities/fa789beae7f1a0ad9947de50c329e3db$TEMP_BLOCK,https://entity.api.hubmapconsortium.org/entities/fa789beae7f1a0ad9947de50c329e3db,51593
https://entity.api.hubmapconsortium.org/entities/e3b831b46c84bc66e88fa410cf89dc2d$TEMP_DONOR,https://entity.api.hubmapconsortium.org/entities/e3b831b46c84bc66e88fa410cf89dc2d$TEMP_BLOCK,https://entity.api.hubmapconsortium.org/entities/e3b831b46c84bc66e88fa410cf89dc2d,27784
https://entity.api.hubmapconsortium.org/entities/19af8341116f48408a70b5dd8e0a816b$TEMP_DONOR,https://entity.api.hubmapconsortium.org/entities/19af8341116f48408a70b5dd8e0a816b$TEMP_BLOCK,https://entity.api.hubmapconsortium.org/entities/19af8341116f48408a70b5dd8e0a816b,614311
https://entity.api.hubmapconsortium.org/entities/8ac6e3bc3fb44efe981818290abd7693$TEMP_DONOR,https://entity.api.hubmapconsortium.org/entities/8ac6e3bc3fb44efe981818290abd7693$TEMP_BLOCK,https://entity.api.hubmapconsortium.org/entities/8ac6e3bc3fb44efe981818290abd7693,594998
https://entity.api.sennetconsortium.org/entities/231a3d0cc7fb7506194109b68caa0b6a$TEMP_DONOR,https://entity.api.sennetconsortium.org/entities/231a3d0cc7fb7506194109b68caa0b6a$TEMP_BLOCK,https://entity.api.sennetconsortium.org/entities/231a3d0cc7fb7506194109b68caa0b6a,1826800
https://entity.api.sennetconsortium.org/entities/be4874c329c8dfd14b91c682e613daed$TEMP_DONOR,https://entity.api.sennetconsortium.org/entities/be4874c329c8dfd14b91c682e613daed$TEMP_BLOCK,https://entity.api.sennetconsortium.org/entities/be4874c329c8dfd14b91c682e613daed,369642
https://entity.api.sennetconsortium.org/entities/4f0d1913fda94d02e82d928951dbcdab$TEMP_DONOR,https://entity.api.sennetconsortium.org/entities/4f0d1913fda94d02e82d928951dbcdab$TEMP_BLOCK,https://entity.api.sennetconsortium.org/entities/4f0d1913fda94d02e82d928951dbcdab,3158210
https://entity.api.sennetconsortium.org/entities/bc2380a1970abded1129ed77507be349$TEMP_DONOR,https://entity.api.sennetconsortium.org/entities/bc2380a1970abded1129ed77507be349$TEMP_BLOCK,https://entity.api.sennetconsortium.org/entities/bc2380a1970abded1129ed77507be349,2548396
https://entity.api.sennetconsortium.org/entities/cc703095438a75d64e4a3fe5fbcead9c$TEMP_DONOR,https://entity.api.sennetconsortium.org/entities/cc703095438a75d64e4a3fe5fbcead9c$TEMP_BLOCK,https://entity.api.sennetconsortium.org/entities/cc703095438a75d64e4a3fe5fbcead9c,1015797
https://doi.org/10.1038/s41586-023-06298-9#10_31739_6_13$TEMP_DONOR,https://doi.org/10.1038/s41586-023-06298-9#10_31739_6_13$TEMP_BLOCK,https://doi.org/10.1038/s41586-023-06298-9#10_31739_6_13,1929
https://doi.org/10.1038/s41586-023-06298-9#10_31739_6_14$TEMP_DONOR,https://doi.org/10.1038/s41586-023-06298-9#10_31739_6_14$TEMP_BLOCK,https://doi.org/10.1038/s41586-023-06298-9#10_31739_6_14,2679
https://doi.org/10.1038/s41586-023-06298-9#10_31739_6_15$TEMP_DONOR,https://doi.org/10.1038/s41586-023-06298-9#10_31739_6_15$TEMP_BLOCK,https://doi.org/10.1038/s41586-023-06298-9#10_31739_6_15,1989
https://doi.org/10.1038/s41586-023-06298-9#10_31740_16_6$TEMP_DONOR,https://doi.org/10.1038/s41586-023-06298-9#10_31740_16_6$TEMP_BLOCK,https://doi.org/10.1038/s41586-023-06298-9#10_31740_16_6,3512
https://doi.org/10.1038/s41586-023-06298-9#10_31740_6_11$TEMP_DONOR,https://doi.org/10.1038/s41586-023-06298-9#10_31740_6_11$TEMP_BLOCK,https://doi.org/10.1038/s41586-023-06298-9#10_31740_6_11,1116
https://doi.org/10.1038/s41586-023-06298-9#10_31740_6_12$TEMP_DONOR,https://doi.org/10.1038/s41586-023-06298-9#10_31740_6_12$TEMP_BLOCK,https://doi.org/10.1038/s41586-023-06298-9#10_31740_6_12,2244
https://doi.org/10.1038/s41586-023-06298-9#10_31741_1_1$TEMP_DONOR,https://doi.org/10.1038/s41586-023-06298-9#10_31741_1_1$TEMP_BLOCK,https://doi.org/10.1038/s41586-023-06298-9#10_31741_1_1,2493
https://doi.org/10.1038/s41586-023-06298-9#10_31742_1_2$TEMP_DONOR,https://doi.org/10.1038/s41586-023-06298-9#10_31742_1_2$TEMP_BLOCK,https://doi.org/10.1038/s41586-023-06298-9#10_31742_1_2,2254
https://doi.org/10.1038/s41586-023-06298-9#10_31743_16_7$TEMP_DONOR,https://doi.org/10.1038/s41586-023-06298-9#10_31743_16_7$TEMP_BLOCK,https://doi.org/10.1038/s41586-023-06298-9#10_31743_16_7,2371
https://doi.org/10.1038/s41586-023-06298-9#10_31743_16_8$TEMP_DONOR,https://doi.org/10.1038/s41586-023-06298-9#10_31743_16_8$TEMP_BLOCK,https://doi.org/10.1038/s41586-023-06298-9#10_31743_16_8,2245
https://doi.org/10.1038/s41586-023-06298-9#10_31744_1_3$TEMP_DONOR,https://doi.org/10.1038/s41586-023-06298-9#10_31744_1_3$TEMP_BLOCK,https://doi.org/10.1038/s41586-023-06298-9#10_31744_1_3,2460
https://doi.org/10.1038/s41586-023-06298-9#10_31745_16_10$TEMP_DONOR,https://doi.org/10.1038/s41586-023-06298-9#10_31745_16_10$TEMP_BLOCK,https://doi.org/10.1038/s41586-023-06298-9#10_31745_16_10,3459
https://doi.org/10.1038/s41586-023-06298-9#10_31745_16_9$TEMP_DONOR,https://doi.org/10.1038/s41586-023-06298-9#10_31745_16_9$TEMP_BLOCK,https://doi.org/10.1038/s41586-023-06298-9#10_31745_16_9,2462
https://doi.org/10.1038/s41586-023-06298-9#10_31745_1_4$TEMP_DONOR,https://doi.org/10.1038/s41586-023-06298-9#10_31745_1_4$TEMP_BLOCK,https://doi.org/10.1038/s41586-023-06298-9#10_31745_1_4,2459
https://doi.org/10.1038/s41586-023-06298-9#10_31745_1_5$TEMP_DONOR,https://doi.org/10.1038/s41586-023-06298-9#10_31745_1_5$TEMP_BLOCK,https://doi.org/10.1038/s41586-023-06298-9#10_31745_1_5,3499
https://doi.org/10.1038/s41586-023-06298-9#10_31745_1_6$TEMP_DONOR,https://doi.org/10.1038/s41586-023-06298-9#10_31745_1_6$TEMP_BLOCK,https://doi.org/10.1038/s41586-023-06298-9#10_31745_1_6,3164
https://doi.org/10.1038/s41586-023-06298-9#10_31747_1_7$TEMP_DONOR,https://doi.org/10.1038/s41586-023-06298-9#10_31747_1_7$TEMP_BLOCK,https://doi.org/10.1038/s41586-023-06298-9#10_31747_1_7,1973
https://doi.org/10.1038/s41586-023-06298-9#12_31748_1_8$TEMP_DONOR,https://doi.org/10.1038/s41586-023-06298-9#12_31748_1_8$TEMP_BLOCK,https://doi.org/10.1038/s41586-023-06298-9#12_31748_1_8,3044
https://doi.org/10.1038/s41586-023-06298-9#12_31749_16_11$TEMP_DONOR,https://doi.org/10.1038/s41586-023-06298-9#12_31749_16_11$TEMP_BLOCK,https://doi.org/10.1038/s41586-023-06298-9#12_31749_16_11,2850
https://doi.org/10.1038/s41586-023-06298-9#12_31749_1_9$TEMP_DONOR,https://doi.org/10.1038/s41586-023-06298-9#12_31749_1_9$TEMP_BLOCK,https://doi.org/10.1038/s41586-023-06298-9#12_31749_1_9,3049
https://doi.org/10.1038/s41586-023-06298-9#12_31750_16_12$TEMP_DONOR,https://doi.org/10.1038/s41586-023-06298-9#12_31750_16_12$TEMP_BLOCK,https://doi.org/10.1038/s41586-023-06298-9#12_31750_16_12,2537
https://doi.org/10.1038/s41586-023-06298-9#12_31750_1_10$TEMP_DONOR,https://doi.org/10.1038/s41586-023-06298-9#12_31750_1_10$TEMP_BLOCK,https://doi.org/10.1038/s41586-023-06298-9#12_31750_1_10,2017
https://doi.org/10.1038/s41586-023-06298-9#12_31750_1_11$TEMP_DONOR,https://doi.org/10.1038/s41586-023-06298-9#12_31750_1_11$TEMP_BLOCK,https://doi.org/10.1038/s41586-023-06298-9#12_31750_1_11,1926
https://doi.org/10.1038/s41586-023-06298-9#12_31751_1_12$TEMP_DONOR,https://doi.org/10.1038/s41586-023-06298-9#12_31751_1_12$TEMP_BLOCK,https://doi.org/10.1038/s41586-023-06298-9#12_31751_1_12,1685
https://doi.org/10.1038/s41586-023-06298-9#12_31754_16_13$TEMP_DONOR,https://doi.org/10.1038/s41586-023-06298-9#12_31754_16_13$TEMP_BLOCK,https://doi.org/10.1038/s41586-023-06298-9#12_31754_16_13,1194
https://doi.org/10.1038/s41586-023-06298-9#12_31754_16_14$TEMP_DONOR,https://doi.org/10.1038/s41586-023-06298-9#12_31754_16_14$TEMP_BLOCK,https://doi.org/10.1038/s41586-023-06298-9#12_31754_16_14,2584
https://doi.org/10.1038/s41586-023-06298-9#12_31754_16_15$TEMP_DONOR,https://doi.org/10.1038/s41586-023-06298-9#12_31754_16_15$TEMP_BLOCK,https://doi.org/10.1038/s41586-023-06298-9#12_31754_16_15,1400
https://doi.org/10.1038/s41586-023-06298-9#12_31754_18_2$TEMP_DONOR,https://doi.org/10.1038/s41586-023-06298-9#12_31754_18_2$TEMP_BLOCK,https://doi.org/10.1038/s41586-023-06298-9#12_31754_18_2,2233
https://doi.org/10.1038/s41586-023-06298-9#12_31754_1_14$TEMP_DONOR,https://doi.org/10.1038/s41586-023-06298-9#12_31754_1_14$TEMP_BLOCK,https://doi.org/10.1038/s41586-023-06298-9#12_31754_1_14,2070
https://doi.org/10.1038/s41586-023-06298-9#14_31755_18_1$TEMP_DONOR,https://doi.org/10.1038/s41586-023-06298-9#14_31755_18_1$TEMP_BLOCK,https://doi.org/10.1038/s41586-023-06298-9#14_31755_18_1,2501
https://doi.org/10.1038/s41586-023-06298-9#14_31756_20_2$TEMP_DONOR,https://doi.org/10.1038/s41586-023-06298-9#14_31756_20_2$TEMP_BLOCK,https://doi.org/10.1038/s41586-023-06298-9#14_31756_20_2,3215
https://doi.org/10.1038/s41586-023-06298-9#14_31757_20_3$TEMP_DONOR,https://doi.org/10.1038/s41586-023-06298-9#14_31757_20_3$TEMP_BLOCK,https://doi.org/10.1038/s41586-023-06298-9#14_31757_20_3,2437
https://doi.org/10.1038/s41586-023-06298-9#14_31758_16_17$TEMP_DONOR,https://doi.org/10.1038/s41586-023-06298-9#14_31758_16_17$TEMP_BLOCK,https://doi.org/10.1038/s41586-023-06298-9#14_31758_16_17,1977
https://doi.org/10.1038/s41586-023-06298-9#14_31758_20_4$TEMP_DONOR,https://doi.org/10.1038/s41586-023-06298-9#14_31758_20_4$TEMP_BLOCK,https://doi.org/10.1038/s41586-023-06298-9#14_31758_20_4,2378
https://doi.org/10.1038/s41586-023-06298-9#14_31758_20_5$TEMP_DONOR,https://doi.org/10.1038/s41586-023-06298-9#14_31758_20_5$TEMP_BLOCK,https://doi.org/10.1038/s41586-023-06298-9#14_31758_20_5,1462
https://doi.org/10.1038/s41586-023-06298-9#14_31759_16_18$TEMP_DONOR,https://doi.org/10.1038/s41586-023-06298-9#14_31759_16_18$TEMP_BLOCK,https://doi.org/10.1038/s41586-023-06298-9#14_31759_16_18,2075
https://doi.org/10.1038/s41586-023-06298-9#14_31759_20_6$TEMP_DONOR,https://doi.org/10.1038/s41586-023-06298-9#14_31759_20_6$TEMP_BLOCK,https://doi.org/10.1038/s41586-023-06298-9#14_31759_20_6,2651
https://doi.org/10.1038/s41586-023-06298-9#14_31760_16_19$TEMP_DONOR,https://doi.org/10.1038/s41586-023-06298-9#14_31760_16_19$TEMP_BLOCK,https://doi.org/10.1038/s41586-023-06298-9#14_31760_16_19,2478
https://doi.org/10.1038/s41586-023-06298-9#14_31761_16_20$TEMP_DONOR,https://doi.org/10.1038/s41586-023-06298-9#14_31761_16_20$TEMP_BLOCK,https://doi.org/10.1038/s41586-023-06298-9#14_31761_16_20,2880
https://doi.org/10.1038/s41586-023-06298-9#14_31761_20_7$TEMP_DONOR,https://doi.org/10.1038/s41586-023-06298-9#14_31761_20_7$TEMP_BLOCK,https://doi.org/10.1038/s41586-023-06298-9#14_31761_20_7,2741
https://doi.org/10.1038/s41586-023-06298-9#16_31762_16_21$TEMP_DONOR,https://doi.org/10.1038/s41586-023-06298-9#16_31762_16_21$TEMP_BLOCK,https://doi.org/10.1038/s41586-023-06298-9#16_31762_16_21,1669
https://doi.org/10.1038/s41586-023-06298-9#16_31762_20_8$TEMP_DONOR,https://doi.org/10.1038/s41586-023-06298-9#16_31762_20_8$TEMP_BLOCK,https://doi.org/10.1038/s41586-023-06298-9#16_31762_20_8,1108
https://doi.org/10.1038/s41586-023-06298-9#16_31762_20_9$TEMP_DONOR,https://doi.org/10.1038/s41586-023-06298-9#16_31762_20_9$TEMP_BLOCK,https://doi.org/10.1038/s41586-023-06298-9#16_31762_20_9,2803
https://doi.org/10.1038/s41586-023-06298-9#16_31763_20_10$TEMP_DONOR,https://doi.org/10.1038/s41586-023-06298-9#16_31763_20_10$TEMP_BLOCK,https://doi.org/10.1038/s41586-023-06298-9#16_31763_20_10,183
https://doi.org/10.1038/s41586-023-06298-9#16_31765_19_1$TEMP_DONOR,https://doi.org/10.1038/s41586-023-06298-9#16_31765_19_1$TEMP_BLOCK,https://doi.org/10.1038/s41586-023-06298-9#16_31765_19_1,1798
https://doi.org/10.1038/s41586-023-06298-9#16_31765_20_11$TEMP_DONOR,https://doi.org/10.1038/s41586-023-06298-9#16_31765_20_11$TEMP_BLOCK,https://doi.org/10.1038/s41586-023-06298-9#16_31765_20_11,1037
https://doi.org/10.1038/s41586-023-06298-9#16_31765_3_1$TEMP_DONOR,https://doi.org/10.1038/s41586-023-06298-9#16_31765_3_1$TEMP_BLOCK,https://doi.org/10.1038/s41586-023-06298-9#16_31765_3_1,2310
https://doi.org/10.1038/s41586-023-06298-9#16_31766_3_2$TEMP_DONOR,https://doi.org/10.1038/s41586-023-06298-9#16_31766_3_2$TEMP_BLOCK,https://doi.org/10.1038/s41586-023-06298-9#16_31766_3_2,2327
https://doi.org/10.1038/s41586-023-06298-9#16_31767_17_1$TEMP_DONOR,https://doi.org/10.1038/s41586-023-06298-9#16_31767_17_1$TEMP_BLOCK,https://doi.org/10.1038/s41586-023-06298-9#16_31767_17_1,3024
https://doi.org/10.1038/s41586-023-06298-9#16_31767_3_3$TEMP_DONOR,https://doi.org/10.1038/s41586-023-06298-9#16_31767_3_3$TEMP_BLOCK,https://doi.org/10.1038/s41586-023-06298-9#16_31767_3_3,1906
https://doi.org/10.1038/s41586-023-06298-9#16_31767_3_4$TEMP_DONOR,https://doi.org/10.1038/s41586-023-06298-9#16_31767_3_4$TEMP_BLOCK,https://doi.org/10.1038/s41586-023-06298-9#16_31767_3_4,1087
https://doi.org/10.1038/s41586-023-06298-9#16_31768_17_2$TEMP_DONOR,https://doi.org/10.1038/s41586-023-06298-9#16_31768_17_2$TEMP_BLOCK,https://doi.org/10.1038/s41586-023-06298-9#16_31768_17_2,2315
https://doi.org/10.1038/s41586-023-06298-9#16_31768_3_5$TEMP_DONOR,https://doi.org/10.1038/s41586-023-06298-9#16_31768_3_5$TEMP_BLOCK,https://doi.org/10.1038/s41586-023-06298-9#16_31768_3_5,2395
https://doi.org/10.1038/s41586-023-06298-9#16_31768_3_6$TEMP_DONOR,https://doi.org/10.1038/s41586-023-06298-9#16_31768_3_6$TEMP_BLOCK,https://doi.org/10.1038/s41586-023-06298-9#16_31768_3_6,438
https://doi.org/10.1038/s41586-023-06298-9#16_31769_18_11$TEMP_DONOR,https://doi.org/10.1038/s41586-023-06298-9#16_31769_18_11$TEMP_BLOCK,https://doi.org/10.1038/s41586-023-06298-9#16_31769_18_11,2632
https://doi.org/10.1038/s41586-023-06298-9#16_31769_3_7$TEMP_DONOR,https://doi.org/10.1038/s41586-023-06298-9#16_31769_3_7$TEMP_BLOCK,https://doi.org/10.1038/s41586-023-06298-9#16_31769_3_7,2662
https://doi.org/10.1038/s41586-023-06298-9#16_31770_14_15$TEMP_DONOR,https://doi.org/10.1038/s41586-023-06298-9#16_31770_14_15$TEMP_BLOCK,https://doi.org/10.1038/s41586-023-06298-9#16_31770_14_15,2446
https://doi.org/10.1038/s41586-023-06298-9#16_31770_14_16$TEMP_DONOR,https://doi.org/10.1038/s41586-023-06298-9#16_31770_14_16$TEMP_BLOCK,https://doi.org/10.1038/s41586-023-06298-9#16_31770_14_16,2856
https://doi.org/10.1038/s41586-023-06298-9#16_31770_4_1$TEMP_DONOR,https://doi.org/10.1038/s41586-023-06298-9#16_31770_4_1$TEMP_BLOCK,https://doi.org/10.1038/s41586-023-06298-9#16_31770_4_1,158
https://doi.org/10.1038/s41586-023-06298-9#16_31770_4_2$TEMP_DONOR,https://doi.org/10.1038/s41586-023-06298-9#16_31770_4_2$TEMP_BLOCK,https://doi.org/10.1038/s41586-023-06298-9#16_31770_4_2,1600
https://doi.org/10.1038/s41586-023-06298-9#16_31771_14_14$TEMP_DONOR,https://doi.org/10.1038/s41586-023-06298-9#16_31771_14_14$TEMP_BLOCK,https://doi.org/10.1038/s41586-023-06298-9#16_31771_14_14,2119
https://doi.org/10.1038/s41586-023-06298-9#16_31771_4_3$TEMP_DONOR,https://doi.org/10.1038/s41586-023-06298-9#16_31771_4_3$TEMP_BLOCK,https://doi.org/10.1038/s41586-023-06298-9#16_31771_4_3,1447
https://doi.org/10.1038/s41586-023-06298-9#16_31772_4_4$TEMP_DONOR,https://doi.org/10.1038/s41586-023-06298-9#16_31772_4_4$TEMP_BLOCK,https://doi.org/10.1038/s41586-023-06298-9#16_31772_4_4,3813
https://doi.org/10.1038/s41586-023-06298-9#16_31772_4_5$TEMP_DONOR,https://doi.org/10.1038/s41586-023-06298-9#16_31772_4_5$TEMP_BLOCK,https://doi.org/10.1038/s41586-023-06298-9#16_31772_4_5,3332
https://doi.org/10.1038/s41586-023-06298-9#16_31772_4_6$TEMP_DONOR,https://doi.org/10.1038/s41586-023-06298-9#16_31772_4_6$TEMP_BLOCK,https://doi.org/10.1038/s41586-023-06298-9#16_31772_4_6,2753
https://doi.org/10.1038/s41586-023-06298-9#16_31772_4_7$TEMP_DONOR,https://doi.org/10.1038/s41586-023-06298-9#16_31772_4_7$TEMP_BLOCK,https://doi.org/10.1038/s41586-023-06298-9#16_31772_4_7,2124
https://doi.org/10.1038/s41586-023-06298-9#16_31773_4_10$TEMP_DONOR,https://doi.org/10.1038/s41586-023-06298-9#16_31773_4_10$TEMP_BLOCK,https://doi.org/10.1038/s41586-023-06298-9#16_31773_4_10,864
https://doi.org/10.1038/s41586-023-06298-9#16_31773_4_8$TEMP_DONOR,https://doi.org/10.1038/s41586-023-06298-9#16_31773_4_8$TEMP_BLOCK,https://doi.org/10.1038/s41586-023-06298-9#16_31773_4_8,2572
https://doi.org/10.1038/s41586-023-06298-9#16_31773_4_9$TEMP_DONOR,https://doi.org/10.1038/s41586-023-06298-9#16_31773_4_9$TEMP_BLOCK,https://doi.org/10.1038/s41586-023-06298-9#16_31773_4_9,2924
https://doi.org/10.1038/s41586-023-06298-9#16_31774_14_13$TEMP_DONOR,https://doi.org/10.1038/s41586-023-06298-9#16_31774_14_13$TEMP_BLOCK,https://doi.org/10.1038/s41586-023-06298-9#16_31774_14_13,2501
https://doi.org/10.1038/s41586-023-06298-9#16_31774_4_11$TEMP_DONOR,https://doi.org/10.1038/s41586-023-06298-9#16_31774_4_11$TEMP_BLOCK,https://doi.org/10.1038/s41586-023-06298-9#16_31774_4_11,2299
https://doi.org/10.1038/s41586-023-06298-9#16_31774_4_12$TEMP_DONOR,https://doi.org/10.1038/s41586-023-06298-9#16_31774_4_12$TEMP_BLOCK,https://doi.org/10.1038/s41586-023-06298-9#16_31774_4_12,2869
https://doi.org/10.1038/s41586-023-06298-9#16_31775_5_1$TEMP_DONOR,https://doi.org/10.1038/s41586-023-06298-9#16_31775_5_1$TEMP_BLOCK,https://doi.org/10.1038/s41586-023-06298-9#16_31775_5_1,3057
https://doi.org/10.1038/s41586-023-06298-9#18_31776_14_12$TEMP_DONOR,https://doi.org/10.1038/s41586-023-06298-9#18_31776_14_12$TEMP_BLOCK,https://doi.org/10.1038/s41586-023-06298-9#18_31776_14_12,455
https://doi.org/10.1038/s41586-023-06298-9#18_31776_5_2$TEMP_DONOR,https://doi.org/10.1038/s41586-023-06298-9#18_31776_5_2$TEMP_BLOCK,https://doi.org/10.1038/s41586-023-06298-9#18_31776_5_2,2671
https://doi.org/10.1038/s41586-023-06298-9#18_31779_5_4$TEMP_DONOR,https://doi.org/10.1038/s41586-023-06298-9#18_31779_5_4$TEMP_BLOCK,https://doi.org/10.1038/s41586-023-06298-9#18_31779_5_4,2631
https://doi.org/10.1038/s41586-023-06298-9#18_31780_5_5$TEMP_DONOR,https://doi.org/10.1038/s41586-023-06298-9#18_31780_5_5$TEMP_BLOCK,https://doi.org/10.1038/s41586-023-06298-9#18_31780_5_5,2097
https://doi.org/10.1038/s41586-023-06298-9#18_31782_5_6$TEMP_DONOR,https://doi.org/10.1038/s41586-023-06298-9#18_31782_5_6$TEMP_BLOCK,https://doi.org/10.1038/s41586-023-06298-9#18_31782_5_6,234
https://doi.org/10.1038/s41586-023-06298-9#18_31782_5_7$TEMP_DONOR,https://doi.org/10.1038/s41586-023-06298-9#18_31782_5_7$TEMP_BLOCK,https://doi.org/10.1038/s41586-023-06298-9#18_31782_5_7,2212
https://doi.org/10.1038/s41586-023-06298-9#18_31783_14_10$TEMP_DONOR,https://doi.org/10.1038/s41586-023-06298-9#18_31783_14_10$TEMP_BLOCK,https://doi.org/10.1038/s41586-023-06298-9#18_31783_14_10,2157
https://doi.org/10.1038/s41586-023-06298-9#18_31783_14_11$TEMP_DONOR,https://doi.org/10.1038/s41586-023-06298-9#18_31783_14_11$TEMP_BLOCK,https://doi.org/10.1038/s41586-023-06298-9#18_31783_14_11,1902
https://doi.org/10.1038/s41586-023-06298-9#18_31783_14_7$TEMP_DONOR,https://doi.org/10.1038/s41586-023-06298-9#18_31783_14_7$TEMP_BLOCK,https://doi.org/10.1038/s41586-023-06298-9#18_31783_14_7,1968
https://doi.org/10.1038/s41586-023-06298-9#18_31783_14_8$TEMP_DONOR,https://doi.org/10.1038/s41586-023-06298-9#18_31783_14_8$TEMP_BLOCK,https://doi.org/10.1038/s41586-023-06298-9#18_31783_14_8,2061
https://doi.org/10.1038/s41586-023-06298-9#18_31783_14_9$TEMP_DONOR,https://doi.org/10.1038/s41586-023-06298-9#18_31783_14_9$TEMP_BLOCK,https://doi.org/10.1038/s41586-023-06298-9#18_31783_14_9,2124
https://doi.org/10.1038/s41586-023-06298-9#18_31783_5_10$TEMP_DONOR,https://doi.org/10.1038/s41586-023-06298-9#18_31783_5_10$TEMP_BLOCK,https://doi.org/10.1038/s41586-023-06298-9#18_31783_5_10,1786
https://doi.org/10.1038/s41586-023-06298-9#18_31783_5_11$TEMP_DONOR,https://doi.org/10.1038/s41586-023-06298-9#18_31783_5_11$TEMP_BLOCK,https://doi.org/10.1038/s41586-023-06298-9#18_31783_5_11,1829
https://doi.org/10.1038/s41586-023-06298-9#18_31783_5_8$TEMP_DONOR,https://doi.org/10.1038/s41586-023-06298-9#18_31783_5_8$TEMP_BLOCK,https://doi.org/10.1038/s41586-023-06298-9#18_31783_5_8,3159
https://doi.org/10.1038/s41586-023-06298-9#18_31783_5_9$TEMP_DONOR,https://doi.org/10.1038/s41586-023-06298-9#18_31783_5_9$TEMP_BLOCK,https://doi.org/10.1038/s41586-023-06298-9#18_31783_5_9,1992
https://doi.org/10.1038/s41586-023-06298-9#18_31784_14_6$TEMP_DONOR,https://doi.org/10.1038/s41586-023-06298-9#18_31784_14_6$TEMP_BLOCK,https://doi.org/10.1038/s41586-023-06298-9#18_31784_14_6,1320
https://doi.org/10.1038/s41586-023-06298-9#18_31785_5_13$TEMP_DONOR,https://doi.org/10.1038/s41586-023-06298-9#18_31785_5_13$TEMP_BLOCK,https://doi.org/10.1038/s41586-023-06298-9#18_31785_5_13,2633
https://doi.org/10.1038/s41586-023-06298-9#18_31785_5_14$TEMP_DONOR,https://doi.org/10.1038/s41586-023-06298-9#18_31785_5_14$TEMP_BLOCK,https://doi.org/10.1038/s41586-023-06298-9#18_31785_5_14,868
https://doi.org/10.1038/s41586-023-06298-9#18_31785_5_15$TEMP_DONOR,https://doi.org/10.1038/s41586-023-06298-9#18_31785_5_15$TEMP_BLOCK,https://doi.org/10.1038/s41586-023-06298-9#18_31785_5_15,2890
https://doi.org/10.1038/s41586-023-06298-9#20_31786_14_5$TEMP_DONOR,https://doi.org/10.1038/s41586-023-06298-9#20_31786_14_5$TEMP_BLOCK,https://doi.org/10.1038/s41586-023-06298-9#20_31786_14_5,988
https://doi.org/10.1038/s41586-023-06298-9#20_31787_14_3$TEMP_DONOR,https://doi.org/10.1038/s41586-023-06298-9#20_31787_14_3$TEMP_BLOCK,https://doi.org/10.1038/s41586-023-06298-9#20_31787_14_3,10
https://doi.org/10.1038/s41586-023-06298-9#20_31787_14_4$TEMP_DONOR,https://doi.org/10.1038/s41586-023-06298-9#20_31787_14_4$TEMP_BLOCK,https://doi.org/10.1038/s41586-023-06298-9#20_31787_14_4,1249
https://doi.org/10.1038/s41586-023-06298-9#20_31787_5_16$TEMP_DONOR,https://doi.org/10.1038/s41586-023-06298-9#20_31787_5_16$TEMP_BLOCK,https://doi.org/10.1038/s41586-023-06298-9#20_31787_5_16,1377
https://doi.org/10.1038/s41586-023-06298-9#20_31788_5_17$TEMP_DONOR,https://doi.org/10.1038/s41586-023-06298-9#20_31788_5_17$TEMP_BLOCK,https://doi.org/10.1038/s41586-023-06298-9#20_31788_5_17,1601
https://doi.org/10.1038/s41586-023-06298-9#20_31788_5_18$TEMP_DONOR,https://doi.org/10.1038/s41586-023-06298-9#20_31788_5_18$TEMP_BLOCK,https://doi.org/10.1038/s41586-023-06298-9#20_31788_5_18,603
https://doi.org/10.1038/s41586-023-06298-9#20_31789_14_1$TEMP_DONOR,https://doi.org/10.1038/s41586-023-06298-9#20_31789_14_1$TEMP_BLOCK,https://doi.org/10.1038/s41586-023-06298-9#20_31789_14_1,1143
https://doi.org/10.1038/s41586-023-06298-9#20_31789_14_2$TEMP_DONOR,https://doi.org/10.1038/s41586-023-06298-9#20_31789_14_2$TEMP_BLOCK,https://doi.org/10.1038/s41586-023-06298-9#20_31789_14_2,1403
https://doi.org/10.1038/s41586-023-06298-9#20_31789_5_19$TEMP_DONOR,https://doi.org/10.1038/s41586-023-06298-9#20_31789_5_19$TEMP_BLOCK,https://doi.org/10.1038/s41586-023-06298-9#20_31789_5_19,2387
https://doi.org/10.1038/s41586-023-06298-9#20_31789_5_20$TEMP_DONOR,https://doi.org/10.1038/s41586-023-06298-9#20_31789_5_20$TEMP_BLOCK,https://doi.org/10.1038/s41586-023-06298-9#20_31789_5_20,1942
https://doi.org/10.1038/s41586-023-06298-9#20_31790_13_14$TEMP_DONOR,https://doi.org/10.1038/s41586-023-06298-9#20_31790_13_14$TEMP_BLOCK,https://doi.org/10.1038/s41586-023-06298-9#20_31790_13_14,213
https://doi.org/10.1038/s41586-023-06298-9#20_31790_18_12$TEMP_DONOR,https://doi.org/10.1038/s41586-023-06298-9#20_31790_18_12$TEMP_BLOCK,https://doi.org/10.1038/s41586-023-06298-9#20_31790_18_12,533
https://doi.org/10.1038/s41586-023-06298-9#20_31791_13_11$TEMP_DONOR,https://doi.org/10.1038/s41586-023-06298-9#20_31791_13_11$TEMP_BLOCK,https://doi.org/10.1038/s41586-023-06298-9#20_31791_13_11,1036
https://doi.org/10.1038/s41586-023-06298-9#20_31791_13_12$TEMP_DONOR,https://doi.org/10.1038/s41586-023-06298-9#20_31791_13_12$TEMP_BLOCK,https://doi.org/10.1038/s41586-023-06298-9#20_31791_13_12,545
https://doi.org/10.1038/s41586-023-06298-9#20_31791_13_13$TEMP_DONOR,https://doi.org/10.1038/s41586-023-06298-9#20_31791_13_13$TEMP_BLOCK,https://doi.org/10.1038/s41586-023-06298-9#20_31791_13_13,2015
https://doi.org/10.1038/s41586-023-06298-9#20_31791_18_13$TEMP_DONOR,https://doi.org/10.1038/s41586-023-06298-9#20_31791_18_13$TEMP_BLOCK,https://doi.org/10.1038/s41586-023-06298-9#20_31791_18_13,525
https://doi.org/10.1038/s41586-023-06298-9#20_31792_18_14$TEMP_DONOR,https://doi.org/10.1038/s41586-023-06298-9#20_31792_18_14$TEMP_BLOCK,https://doi.org/10.1038/s41586-023-06298-9#20_31792_18_14,2179
https://doi.org/10.1038/s41586-023-06298-9#20_31793_13_10$TEMP_DONOR,https://doi.org/10.1038/s41586-023-06298-9#20_31793_13_10$TEMP_BLOCK,https://doi.org/10.1038/s41586-023-06298-9#20_31793_13_10,1861
https://doi.org/10.1038/s41586-023-06298-9#20_31793_13_8$TEMP_DONOR,https://doi.org/10.1038/s41586-023-06298-9#20_31793_13_8$TEMP_BLOCK,https://doi.org/10.1038/s41586-023-06298-9#20_31793_13_8,2947
https://doi.org/10.1038/s41586-023-06298-9#20_31793_13_9$TEMP_DONOR,https://doi.org/10.1038/s41586-023-06298-9#20_31793_13_9$TEMP_BLOCK,https://doi.org/10.1038/s41586-023-06298-9#20_31793_13_9,1481
https://doi.org/10.1038/s41586-023-06298-9#20_31793_6_1$TEMP_DONOR,https://doi.org/10.1038/s41586-023-06298-9#20_31793_6_1$TEMP_BLOCK,https://doi.org/10.1038/s41586-023-06298-9#20_31793_6_1,308
https://doi.org/10.1038/s41586-023-06298-9#20_31793_6_2$TEMP_DONOR,https://doi.org/10.1038/s41586-023-06298-9#20_31793_6_2$TEMP_BLOCK,https://doi.org/10.1038/s41586-023-06298-9#20_31793_6_2,1280
https://doi.org/10.1038/s41586-023-06298-9#20_31793_6_3$TEMP_DONOR,https://doi.org/10.1038/s41586-023-06298-9#20_31793_6_3$TEMP_BLOCK,https://doi.org/10.1038/s41586-023-06298-9#20_31793_6_3,1729
https://doi.org/10.1038/s41586-023-06298-9#20_31794_13_6$TEMP_DONOR,https://doi.org/10.1038/s41586-023-06298-9#20_31794_13_6$TEMP_BLOCK,https://doi.org/10.1038/s41586-023-06298-9#20_31794_13_6,2149
https://doi.org/10.1038/s41586-023-06298-9#20_31794_13_7$TEMP_DONOR,https://doi.org/10.1038/s41586-023-06298-9#20_31794_13_7$TEMP_BLOCK,https://doi.org/10.1038/s41586-023-06298-9#20_31794_13_7,1805
https://doi.org/10.1038/s41586-023-06298-9#20_31794_6_4$TEMP_DONOR,https://doi.org/10.1038/s41586-023-06298-9#20_31794_6_4$TEMP_BLOCK,https://doi.org/10.1038/s41586-023-06298-9#20_31794_6_4,1132
https://doi.org/10.1038/s41586-023-06298-9#20_31794_6_6$TEMP_DONOR,https://doi.org/10.1038/s41586-023-06298-9#20_31794_6_6$TEMP_BLOCK,https://doi.org/10.1038/s41586-023-06298-9#20_31794_6_6,2972
https://doi.org/10.1038/s41586-023-06298-9#20_31795_13_4$TEMP_DONOR,https://doi.org/10.1038/s41586-023-06298-9#20_31795_13_4$TEMP_BLOCK,https://doi.org/10.1038/s41586-023-06298-9#20_31795_13_4,1520
https://doi.org/10.1038/s41586-023-06298-9#20_31795_6_7$TEMP_DONOR,https://doi.org/10.1038/s41586-023-06298-9#20_31795_6_7$TEMP_BLOCK,https://doi.org/10.1038/s41586-023-06298-9#20_31795_6_7,66
https://doi.org/10.1038/s41586-023-06298-9#20_31797_13_3$TEMP_DONOR,https://doi.org/10.1038/s41586-023-06298-9#20_31797_13_3$TEMP_BLOCK,https://doi.org/10.1038/s41586-023-06298-9#20_31797_13_3,1566
https://doi.org/10.1038/s41586-023-06298-9#20_31797_6_9$TEMP_DONOR,https://doi.org/10.1038/s41586-023-06298-9#20_31797_6_9$TEMP_BLOCK,https://doi.org/10.1038/s41586-023-06298-9#20_31797_6_9,806
https://doi.org/10.1038/s41586-023-06298-9#20_31798_13_1$TEMP_DONOR,https://doi.org/10.1038/s41586-023-06298-9#20_31798_13_1$TEMP_BLOCK,https://doi.org/10.1038/s41586-023-06298-9#20_31798_13_1,129
https://doi.org/10.1038/s41586-023-06298-9#6_31725_15_1$TEMP_DONOR,https://doi.org/10.1038/s41586-023-06298-9#6_31725_15_1$TEMP_BLOCK,https://doi.org/10.1038/s41586-023-06298-9#6_31725_15_1,3111
https://doi.org/10.1038/s41586-023-06298-9#6_31725_15_2$TEMP_DONOR,https://doi.org/10.1038/s41586-023-06298-9#6_31725_15_2$TEMP_BLOCK,https://doi.org/10.1038/s41586-023-06298-9#6_31725_15_2,1849
https://doi.org/10.1038/s41586-023-06298-9#6_31725_8_2$TEMP_DONOR,https://doi.org/10.1038/s41586-023-06298-9#6_31725_8_2$TEMP_BLOCK,https://doi.org/10.1038/s41586-023-06298-9#6_31725_8_2,3574
https://doi.org/10.1038/s41586-023-06298-9#6_31725_8_3$TEMP_DONOR,https://doi.org/10.1038/s41586-023-06298-9#6_31725_8_3$TEMP_BLOCK,https://doi.org/10.1038/s41586-023-06298-9#6_31725_8_3,3525
https://doi.org/10.1038/s41586-023-06298-9#6_31726_8_4$TEMP_DONOR,https://doi.org/10.1038/s41586-023-06298-9#6_31726_8_4$TEMP_BLOCK,https://doi.org/10.1038/s41586-023-06298-9#6_31726_8_4,3488
https://doi.org/10.1038/s41586-023-06298-9#6_31726_8_5$TEMP_DONOR,https://doi.org/10.1038/s41586-023-06298-9#6_31726_8_5$TEMP_BLOCK,https://doi.org/10.1038/s41586-023-06298-9#6_31726_8_5,1631
https://doi.org/10.1038/s41586-023-06298-9#6_31726_8_6$TEMP_DONOR,https://doi.org/10.1038/s41586-023-06298-9#6_31726_8_6$TEMP_BLOCK,https://doi.org/10.1038/s41586-023-06298-9#6_31726_8_6,2890
https://doi.org/10.1038/s41586-023-06298-9#6_31726_8_7$TEMP_DONOR,https://doi.org/10.1038/s41586-023-06298-9#6_31726_8_7$TEMP_BLOCK,https://doi.org/10.1038/s41586-023-06298-9#6_31726_8_7,3500
https://doi.org/10.1038/s41586-023-06298-9#6_31726_8_8$TEMP_DONOR,https://doi.org/10.1038/s41586-023-06298-9#6_31726_8_8$TEMP_BLOCK,https://doi.org/10.1038/s41586-023-06298-9#6_31726_8_8,3123
https://doi.org/10.1038/s41586-023-06298-9#6_31727_15_3$TEMP_DONOR,https://doi.org/10.1038/s41586-023-06298-9#6_31727_15_3$TEMP_BLOCK,https://doi.org/10.1038/s41586-023-06298-9#6_31727_15_3,2375
https://doi.org/10.1038/s41586-023-06298-9#6_31727_8_10$TEMP_DONOR,https://doi.org/10.1038/s41586-023-06298-9#6_31727_8_10$TEMP_BLOCK,https://doi.org/10.1038/s41586-023-06298-9#6_31727_8_10,2819
https://doi.org/10.1038/s41586-023-06298-9#6_31727_8_11$TEMP_DONOR,https://doi.org/10.1038/s41586-023-06298-9#6_31727_8_11$TEMP_BLOCK,https://doi.org/10.1038/s41586-023-06298-9#6_31727_8_11,2263
https://doi.org/10.1038/s41586-023-06298-9#6_31727_8_12$TEMP_DONOR,https://doi.org/10.1038/s41586-023-06298-9#6_31727_8_12$TEMP_BLOCK,https://doi.org/10.1038/s41586-023-06298-9#6_31727_8_12,2435
https://doi.org/10.1038/s41586-023-06298-9#6_31727_8_9$TEMP_DONOR,https://doi.org/10.1038/s41586-023-06298-9#6_31727_8_9$TEMP_BLOCK,https://doi.org/10.1038/s41586-023-06298-9#6_31727_8_9,2350
https://doi.org/10.1038/s41586-023-06298-9#6_31728_15_4$TEMP_DONOR,https://doi.org/10.1038/s41586-023-06298-9#6_31728_15_4$TEMP_BLOCK,https://doi.org/10.1038/s41586-023-06298-9#6_31728_15_4,1831
https://doi.org/10.1038/s41586-023-06298-9#6_31728_15_5$TEMP_DONOR,https://doi.org/10.1038/s41586-023-06298-9#6_31728_15_5$TEMP_BLOCK,https://doi.org/10.1038/s41586-023-06298-9#6_31728_15_5,2044
https://doi.org/10.1038/s41586-023-06298-9#6_31728_15_6$TEMP_DONOR,https://doi.org/10.1038/s41586-023-06298-9#6_31728_15_6$TEMP_BLOCK,https://doi.org/10.1038/s41586-023-06298-9#6_31728_15_6,2213
https://doi.org/10.1038/s41586-023-06298-9#6_31728_9_2$TEMP_DONOR,https://doi.org/10.1038/s41586-023-06298-9#6_31728_9_2$TEMP_BLOCK,https://doi.org/10.1038/s41586-023-06298-9#6_31728_9_2,2759
https://doi.org/10.1038/s41586-023-06298-9#6_31728_9_3$TEMP_DONOR,https://doi.org/10.1038/s41586-023-06298-9#6_31728_9_3$TEMP_BLOCK,https://doi.org/10.1038/s41586-023-06298-9#6_31728_9_3,2334
https://doi.org/10.1038/s41586-023-06298-9#6_31729_10_1$TEMP_DONOR,https://doi.org/10.1038/s41586-023-06298-9#6_31729_10_1$TEMP_BLOCK,https://doi.org/10.1038/s41586-023-06298-9#6_31729_10_1,2195
https://doi.org/10.1038/s41586-023-06298-9#6_31729_10_2$TEMP_DONOR,https://doi.org/10.1038/s41586-023-06298-9#6_31729_10_2$TEMP_BLOCK,https://doi.org/10.1038/s41586-023-06298-9#6_31729_10_2,2796
https://doi.org/10.1038/s41586-023-06298-9#6_31729_10_3$TEMP_DONOR,https://doi.org/10.1038/s41586-023-06298-9#6_31729_10_3$TEMP_BLOCK,https://doi.org/10.1038/s41586-023-06298-9#6_31729_10_3,1934
https://doi.org/10.1038/s41586-023-06298-9#6_31729_10_4$TEMP_DONOR,https://doi.org/10.1038/s41586-023-06298-9#6_31729_10_4$TEMP_BLOCK,https://doi.org/10.1038/s41586-023-06298-9#6_31729_10_4,3081
https://doi.org/10.1038/s41586-023-06298-9#6_31729_10_5$TEMP_DONOR,https://doi.org/10.1038/s41586-023-06298-9#6_31729_10_5$TEMP_BLOCK,https://doi.org/10.1038/s41586-023-06298-9#6_31729_10_5,1893
https://doi.org/10.1038/s41586-023-06298-9#6_31729_9_4$TEMP_DONOR,https://doi.org/10.1038/s41586-023-06298-9#6_31729_9_4$TEMP_BLOCK,https://doi.org/10.1038/s41586-023-06298-9#6_31729_9_4,2761
https://doi.org/10.1038/s41586-023-06298-9#6_31730_10_10$TEMP_DONOR,https://doi.org/10.1038/s41586-023-06298-9#6_31730_10_10$TEMP_BLOCK,https://doi.org/10.1038/s41586-023-06298-9#6_31730_10_10,2062
https://doi.org/10.1038/s41586-023-06298-9#6_31730_10_11$TEMP_DONOR,https://doi.org/10.1038/s41586-023-06298-9#6_31730_10_11$TEMP_BLOCK,https://doi.org/10.1038/s41586-023-06298-9#6_31730_10_11,3688
https://doi.org/10.1038/s41586-023-06298-9#6_31730_10_12$TEMP_DONOR,https://doi.org/10.1038/s41586-023-06298-9#6_31730_10_12$TEMP_BLOCK,https://doi.org/10.1038/s41586-023-06298-9#6_31730_10_12,3366
https://doi.org/10.1038/s41586-023-06298-9#6_31730_10_6$TEMP_DONOR,https://doi.org/10.1038/s41586-023-06298-9#6_31730_10_6$TEMP_BLOCK,https://doi.org/10.1038/s41586-023-06298-9#6_31730_10_6,3867
https://doi.org/10.1038/s41586-023-06298-9#6_31730_10_7$TEMP_DONOR,https://doi.org/10.1038/s41586-023-06298-9#6_31730_10_7$TEMP_BLOCK,https://doi.org/10.1038/s41586-023-06298-9#6_31730_10_7,3634
https://doi.org/10.1038/s41586-023-06298-9#6_31730_10_8$TEMP_DONOR,https://doi.org/10.1038/s41586-023-06298-9#6_31730_10_8$TEMP_BLOCK,https://doi.org/10.1038/s41586-023-06298-9#6_31730_10_8,3943
https://doi.org/10.1038/s41586-023-06298-9#6_31730_10_9$TEMP_DONOR,https://doi.org/10.1038/s41586-023-06298-9#6_31730_10_9$TEMP_BLOCK,https://doi.org/10.1038/s41586-023-06298-9#6_31730_10_9,3290
https://doi.org/10.1038/s41586-023-06298-9#6_31730_11_1$TEMP_DONOR,https://doi.org/10.1038/s41586-023-06298-9#6_31730_11_1$TEMP_BLOCK,https://doi.org/10.1038/s41586-023-06298-9#6_31730_11_1,1762
https://doi.org/10.1038/s41586-023-06298-9#6_31730_18_15$TEMP_DONOR,https://doi.org/10.1038/s41586-023-06298-9#6_31730_18_15$TEMP_BLOCK,https://doi.org/10.1038/s41586-023-06298-9#6_31730_18_15,3181
https://doi.org/10.1038/s41586-023-06298-9#6_31731_11_2$TEMP_DONOR,https://doi.org/10.1038/s41586-023-06298-9#6_31731_11_2$TEMP_BLOCK,https://doi.org/10.1038/s41586-023-06298-9#6_31731_11_2,2696
https://doi.org/10.1038/s41586-023-06298-9#6_31731_11_4$TEMP_DONOR,https://doi.org/10.1038/s41586-023-06298-9#6_31731_11_4$TEMP_BLOCK,https://doi.org/10.1038/s41586-023-06298-9#6_31731_11_4,1506
https://doi.org/10.1038/s41586-023-06298-9#6_31731_11_5$TEMP_DONOR,https://doi.org/10.1038/s41586-023-06298-9#6_31731_11_5$TEMP_BLOCK,https://doi.org/10.1038/s41586-023-06298-9#6_31731_11_5,2863
https://doi.org/10.1038/s41586-023-06298-9#6_31731_11_6$TEMP_DONOR,https://doi.org/10.1038/s41586-023-06298-9#6_31731_11_6$TEMP_BLOCK,https://doi.org/10.1038/s41586-023-06298-9#6_31731_11_6,2377
https://doi.org/10.1038/s41586-023-06298-9#6_31731_11_7$TEMP_DONOR,https://doi.org/10.1038/s41586-023-06298-9#6_31731_11_7$TEMP_BLOCK,https://doi.org/10.1038/s41586-023-06298-9#6_31731_11_7,2415
https://doi.org/10.1038/s41586-023-06298-9#6_31731_11_8$TEMP_DONOR,https://doi.org/10.1038/s41586-023-06298-9#6_31731_11_8$TEMP_BLOCK,https://doi.org/10.1038/s41586-023-06298-9#6_31731_11_8,2150
https://doi.org/10.1038/s41586-023-06298-9#6_31731_15_7$TEMP_DONOR,https://doi.org/10.1038/s41586-023-06298-9#6_31731_15_7$TEMP_BLOCK,https://doi.org/10.1038/s41586-023-06298-9#6_31731_15_7,2317
https://doi.org/10.1038/s41586-023-06298-9#6_31731_15_8$TEMP_DONOR,https://doi.org/10.1038/s41586-023-06298-9#6_31731_15_8$TEMP_BLOCK,https://doi.org/10.1038/s41586-023-06298-9#6_31731_15_8,2151
https://doi.org/10.1038/s41586-023-06298-9#6_31732_11_10$TEMP_DONOR,https://doi.org/10.1038/s41586-023-06298-9#6_31732_11_10$TEMP_BLOCK,https://doi.org/10.1038/s41586-023-06298-9#6_31732_11_10,3128
https://doi.org/10.1038/s41586-023-06298-9#6_31732_11_11$TEMP_DONOR,https://doi.org/10.1038/s41586-023-06298-9#6_31732_11_11$TEMP_BLOCK,https://doi.org/10.1038/s41586-023-06298-9#6_31732_11_11,2688
https://doi.org/10.1038/s41586-023-06298-9#6_31732_11_12$TEMP_DONOR,https://doi.org/10.1038/s41586-023-06298-9#6_31732_11_12$TEMP_BLOCK,https://doi.org/10.1038/s41586-023-06298-9#6_31732_11_12,2752
https://doi.org/10.1038/s41586-023-06298-9#6_31732_11_9$TEMP_DONOR,https://doi.org/10.1038/s41586-023-06298-9#6_31732_11_9$TEMP_BLOCK,https://doi.org/10.1038/s41586-023-06298-9#6_31732_11_9,3363
https://doi.org/10.1038/s41586-023-06298-9#6_31732_15_9$TEMP_DONOR,https://doi.org/10.1038/s41586-023-06298-9#6_31732_15_9$TEMP_BLOCK,https://doi.org/10.1038/s41586-023-06298-9#6_31732_15_9,2612
https://doi.org/10.1038/s41586-023-06298-9#6_31733_11_13$TEMP_DONOR,https://doi.org/10.1038/s41586-023-06298-9#6_31733_11_13$TEMP_BLOCK,https://doi.org/10.1038/s41586-023-06298-9#6_31733_11_13,2377
https://doi.org/10.1038/s41586-023-06298-9#6_31733_11_14$TEMP_DONOR,https://doi.org/10.1038/s41586-023-06298-9#6_31733_11_14$TEMP_BLOCK,https://doi.org/10.1038/s41586-023-06298-9#6_31733_11_14,3196
https://doi.org/10.1038/s41586-023-06298-9#6_31733_11_15$TEMP_DONOR,https://doi.org/10.1038/s41586-023-06298-9#6_31733_11_15$TEMP_BLOCK,https://doi.org/10.1038/s41586-023-06298-9#6_31733_11_15,1363
https://doi.org/10.1038/s41586-023-06298-9#6_31733_11_16$TEMP_DONOR,https://doi.org/10.1038/s41586-023-06298-9#6_31733_11_16$TEMP_BLOCK,https://doi.org/10.1038/s41586-023-06298-9#6_31733_11_16,2818
https://doi.org/10.1038/s41586-023-06298-9#6_31733_11_17$TEMP_DONOR,https://doi.org/10.1038/s41586-023-06298-9#6_31733_11_17$TEMP_BLOCK,https://doi.org/10.1038/s41586-023-06298-9#6_31733_11_17,2767
https://doi.org/10.1038/s41586-023-06298-9#6_31733_15_10$TEMP_DONOR,https://doi.org/10.1038/s41586-023-06298-9#6_31733_15_10$TEMP_BLOCK,https://doi.org/10.1038/s41586-023-06298-9#6_31733_15_10,2019
https://doi.org/10.1038/s41586-023-06298-9#6_31733_15_11$TEMP_DONOR,https://doi.org/10.1038/s41586-023-06298-9#6_31733_15_11$TEMP_BLOCK,https://doi.org/10.1038/s41586-023-06298-9#6_31733_15_11,3081
https://doi.org/10.1038/s41586-023-06298-9#6_31733_15_12$TEMP_DONOR,https://doi.org/10.1038/s41586-023-06298-9#6_31733_15_12$TEMP_BLOCK,https://doi.org/10.1038/s41586-023-06298-9#6_31733_15_12,3411
https://doi.org/10.1038/s41586-023-06298-9#8_31734_11_18$TEMP_DONOR,https://doi.org/10.1038/s41586-023-06298-9#8_31734_11_18$TEMP_BLOCK,https://doi.org/10.1038/s41586-023-06298-9#8_31734_11_18,3251
https://doi.org/10.1038/s41586-023-06298-9#8_31734_12_1$TEMP_DONOR,https://doi.org/10.1038/s41586-023-06298-9#8_31734_12_1$TEMP_BLOCK,https://doi.org/10.1038/s41586-023-06298-9#8_31734_12_1,2898
https://doi.org/10.1038/s41586-023-06298-9#8_31734_12_2$TEMP_DONOR,https://doi.org/10.1038/s41586-023-06298-9#8_31734_12_2$TEMP_BLOCK,https://doi.org/10.1038/s41586-023-06298-9#8_31734_12_2,3492
https://doi.org/10.1038/s41586-023-06298-9#8_31734_12_3$TEMP_DONOR,https://doi.org/10.1038/s41586-023-06298-9#8_31734_12_3$TEMP_BLOCK,https://doi.org/10.1038/s41586-023-06298-9#8_31734_12_3,2699
https://doi.org/10.1038/s41586-023-06298-9#8_31734_12_4$TEMP_DONOR,https://doi.org/10.1038/s41586-023-06298-9#8_31734_12_4$TEMP_BLOCK,https://doi.org/10.1038/s41586-023-06298-9#8_31734_12_4,913
https://doi.org/10.1038/s41586-023-06298-9#8_31734_12_5$TEMP_DONOR,https://doi.org/10.1038/s41586-023-06298-9#8_31734_12_5$TEMP_BLOCK,https://doi.org/10.1038/s41586-023-06298-9#8_31734_12_5,3419
https://doi.org/10.1038/s41586-023-06298-9#8_31734_16_1$TEMP_DONOR,https://doi.org/10.1038/s41586-023-06298-9#8_31734_16_1$TEMP_BLOCK,https://doi.org/10.1038/s41586-023-06298-9#8_31734_16_1,2970
https://doi.org/10.1038/s41586-023-06298-9#8_31734_16_2$TEMP_DONOR,https://doi.org/10.1038/s41586-023-06298-9#8_31734_16_2$TEMP_BLOCK,https://doi.org/10.1038/s41586-023-06298-9#8_31734_16_2,2469
https://doi.org/10.1038/s41586-023-06298-9#8_31735_12_10$TEMP_DONOR,https://doi.org/10.1038/s41586-023-06298-9#8_31735_12_10$TEMP_BLOCK,https://doi.org/10.1038/s41586-023-06298-9#8_31735_12_10,2647
https://doi.org/10.1038/s41586-023-06298-9#8_31735_12_11$TEMP_DONOR,https://doi.org/10.1038/s41586-023-06298-9#8_31735_12_11$TEMP_BLOCK,https://doi.org/10.1038/s41586-023-06298-9#8_31735_12_11,2627
https://doi.org/10.1038/s41586-023-06298-9#8_31735_12_12$TEMP_DONOR,https://doi.org/10.1038/s41586-023-06298-9#8_31735_12_12$TEMP_BLOCK,https://doi.org/10.1038/s41586-023-06298-9#8_31735_12_12,2688
https://doi.org/10.1038/s41586-023-06298-9#8_31735_12_13$TEMP_DONOR,https://doi.org/10.1038/s41586-023-06298-9#8_31735_12_13$TEMP_BLOCK,https://doi.org/10.1038/s41586-023-06298-9#8_31735_12_13,2709
https://doi.org/10.1038/s41586-023-06298-9#8_31735_12_14$TEMP_DONOR,https://doi.org/10.1038/s41586-023-06298-9#8_31735_12_14$TEMP_BLOCK,https://doi.org/10.1038/s41586-023-06298-9#8_31735_12_14,2271
https://doi.org/10.1038/s41586-023-06298-9#8_31735_12_6$TEMP_DONOR,https://doi.org/10.1038/s41586-023-06298-9#8_31735_12_6$TEMP_BLOCK,https://doi.org/10.1038/s41586-023-06298-9#8_31735_12_6,2928
https://doi.org/10.1038/s41586-023-06298-9#8_31735_12_7$TEMP_DONOR,https://doi.org/10.1038/s41586-023-06298-9#8_31735_12_7$TEMP_BLOCK,https://doi.org/10.1038/s41586-023-06298-9#8_31735_12_7,3753
https://doi.org/10.1038/s41586-023-06298-9#8_31735_12_8$TEMP_DONOR,https://doi.org/10.1038/s41586-023-06298-9#8_31735_12_8$TEMP_BLOCK,https://doi.org/10.1038/s41586-023-06298-9#8_31735_12_8,2995
https://doi.org/10.1038/s41586-023-06298-9#8_31735_12_9$TEMP_DONOR,https://doi.org/10.1038/s41586-023-06298-9#8_31735_12_9$TEMP_BLOCK,https://doi.org/10.1038/s41586-023-06298-9#8_31735_12_9,2708
https://doi.org/10.1038/s41586-023-06298-9#8_31736_12_15$TEMP_DONOR,https://doi.org/10.1038/s41586-023-06298-9#8_31736_12_15$TEMP_BLOCK,https://doi.org/10.1038/s41586-023-06298-9#8_31736_12_15,3002
https://doi.org/10.1038/s41586-023-06298-9#8_31736_12_16$TEMP_DONOR,https://doi.org/10.1038/s41586-023-06298-9#8_31736_12_16$TEMP_BLOCK,https://doi.org/10.1038/s41586-023-06298-9#8_31736_12_16,2076
https://doi.org/10.1038/s41586-023-06298-9#8_31736_12_17$TEMP_DONOR,https://doi.org/10.1038/s41586-023-06298-9#8_31736_12_17$TEMP_BLOCK,https://doi.org/10.1038/s41586-023-06298-9#8_31736_12_17,2775
https://doi.org/10.1038/s41586-023-06298-9#8_31736_12_18$TEMP_DONOR,https://doi.org/10.1038/s41586-023-06298-9#8_31736_12_18$TEMP_BLOCK,https://doi.org/10.1038/s41586-023-06298-9#8_31736_12_18,2138
https://doi.org/10.1038/s41586-023-06298-9#8_31736_12_19$TEMP_DONOR,https://doi.org/10.1038/s41586-023-06298-9#8_31736_12_19$TEMP_BLOCK,https://doi.org/10.1038/s41586-023-06298-9#8_31736_12_19,2897
https://doi.org/10.1038/s41586-023-06298-9#8_31736_16_3$TEMP_DONOR,https://doi.org/10.1038/s41586-023-06298-9#8_31736_16_3$TEMP_BLOCK,https://doi.org/10.1038/s41586-023-06298-9#8_31736_16_3,1718
https://doi.org/10.1038/s41586-023-06298-9#8_31736_16_4$TEMP_DONOR,https://doi.org/10.1038/s41586-023-06298-9#8_31736_16_4$TEMP_BLOCK,https://doi.org/10.1038/s41586-023-06298-9#8_31736_16_4,3484
https://doi.org/10.1038/s41586-023-06298-9#8_31736_16_5$TEMP_DONOR,https://doi.org/10.1038/s41586-023-06298-9#8_31736_16_5$TEMP_BLOCK,https://doi.org/10.1038/s41586-023-06298-9#8_31736_16_5,2647
https://doi.org/10.1038/s41586-023-06298-9#8_31737_12_20$TEMP_DONOR,https://doi.org/10.1038/s41586-023-06298-9#8_31737_12_20$TEMP_BLOCK,https://doi.org/10.1038/s41586-023-06298-9#8_31737_12_20,3175
https://doi.org/10.1038/s41586-023-06298-9#8_31737_12_22$TEMP_DONOR,https://doi.org/10.1038/s41586-023-06298-9#8_31737_12_22$TEMP_BLOCK,https://doi.org/10.1038/s41586-023-06298-9#8_31737_12_22,4333
https://doi.org/10.1038/s41586-023-06298-9#8_31737_12_23$TEMP_DONOR,https://doi.org/10.1038/s41586-023-06298-9#8_31737_12_23$TEMP_BLOCK,https://doi.org/10.1038/s41586-023-06298-9#8_31737_12_23,3941
https://doi.org/10.1038/s41586-023-06298-9#8_31737_6_18$TEMP_DONOR,https://doi.org/10.1038/s41586-023-06298-9#8_31737_6_18$TEMP_BLOCK,https://doi.org/10.1038/s41586-023-06298-9#8_31737_6_18,4243
https://doi.org/10.1038/s41586-023-06298-9#8_31738_6_17$TEMP_DONOR,https://doi.org/10.1038/s41586-023-06298-9#8_31738_6_17$TEMP_BLOCK,https://doi.org/10.1038/s41586-023-06298-9#8_31738_6_17,2655
https://doi.org/10.6084/m9.figshare.29669540.v4#P2-13$TEMP_DONOR,https://doi.org/10.6084/m9.figshare.29669540.v4#P2-13$TEMP_BLOCK,https://doi.org/10.6084/m9.figshare.29669540.v4#P2-13,1198981
https://doi.org/10.6084/m9.figshare.29669573.v2#P2-19$TEMP_DONOR,https://doi.org/10.6084/m9.figshare.29669573.v2#P2-19$TEMP_BLOCK,https://doi.org/10.6084/m9.figshare.29669573.v2#P2-19,1150539
https://doi.org/10.6084/m9.figshare.29661272.v4#P2-4AD$TEMP_DONOR,https://doi.org/10.6084/m9.figshare.29661272.v4#P2-4AD$TEMP_BLOCK,https://doi.org/10.6084/m9.figshare.29661272.v4#P2-4AD,1285551
https://doi.org/10.6084/m9.figshare.29661308.v2#P2-7A$TEMP_DONOR,https://doi.org/10.6084/m9.figshare.29661308.v2#P2-7A$TEMP_BLOCK,https://doi.org/10.6084/m9.figshare.29661308.v2#P2-7A,1430467
https://doi.org/10.6084/m9.figshare.29669726.v1#P3-13A$TEMP_DONOR,https://doi.org/10.6084/m9.figshare.29669726.v1#P3-13A$TEMP_BLOCK,https://doi.org/10.6084/m9.figshare.29669726.v1#P3-13A,1381967
https://doi.org/10.6084/m9.figshare.29669618.v1#P3-3A$TEMP_DONOR,https://doi.org/10.6084/m9.figshare.29669618.v1#P3-3A$TEMP_BLOCK,https://doi.org/10.6084/m9.figshare.29669618.v1#P3-3A,893141
https://doi.org/10.6084/m9.figshare.29669648.v1#P3-7A$TEMP_DONOR,https://doi.org/10.6084/m9.figshare.29669648.v1#P3-7A$TEMP_BLOCK,https://doi.org/10.6084/m9.figshare.29669648.v1#P3-7A,939724
https://doi.org/10.6084/m9.figshare.29669675.v1#P3-9A$TEMP_DONOR,https://doi.org/10.6084/m9.figshare.29669675.v1#P3-9A$TEMP_BLOCK,https://doi.org/10.6084/m9.figshare.29669675.v1#P3-9A,1360312
https://doi.org/10.6084/m9.figshare.29669861.v1#P4-12A$TEMP_DONOR,https://doi.org/10.6084/m9.figshare.29669861.v1#P4-12A$TEMP_BLOCK,https://doi.org/10.6084/m9.figshare.29669861.v1#P4-12A,935959
https://doi.org/10.6084/m9.figshare.29669882.v2#P4-22$TEMP_DONOR,https://doi.org/10.6084/m9.figshare.29669882.v2#P4-22$TEMP_BLOCK,https://doi.org/10.6084/m9.figshare.29669882.v2#P4-22,1742858
https://doi.org/10.6084/m9.figshare.29669789.v3#P4-3A$TEMP_DONOR,https://doi.org/10.6084/m9.figshare.29669789.v3#P4-3A$TEMP_BLOCK,https://doi.org/10.6084/m9.figshare.29669789.v3#P4-3A,1378315
https://doi.org/10.6084/m9.figshare.29669831.v1#P4-6A$TEMP_DONOR,https://doi.org/10.6084/m9.figshare.29669831.v1#P4-6A$TEMP_BLOCK,https://doi.org/10.6084/m9.figshare.29669831.v1#P4-6A,1194061
https://entity.api.hubmapconsortium.org/entities/060dfa0fdf2b840864f62d2cd1a7a456$TEMP_DONOR,https://entity.api.hubmapconsortium.org/entities/060dfa0fdf2b840864f62d2cd1a7a456$TEMP_BLOCK,https://entity.api.hubmapconsortium.org/entities/060dfa0fdf2b840864f62d2cd1a7a456,2868
https://entity.api.hubmapconsortium.org/entities/ce30489adeb0c18b028055b8b60707ca$TEMP_DONOR,https://entity.api.hubmapconsortium.org/entities/ce30489adeb0c18b028055b8b60707ca$TEMP_BLOCK,https://entity.api.hubmapconsortium.org/entities/ce30489adeb0c18b028055b8b60707ca,2487
https://entity.api.hubmapconsortium.org/entities/fa238ec2a83302fb4af92442c3683a23$TEMP_DONOR,https://entity.api.hubmapconsortium.org/entities/fa238ec2a83302fb4af92442c3683a23$TEMP_BLOCK,https://entity.api.hubmapconsortium.org/entities/fa238ec2a83302fb4af92442c3683a23,4846
https://entity.api.hubmapconsortium.org/entities/72b0dc83701c045d954b457baed40697$TEMP_DONOR,https://entity.api.hubmapconsortium.org/entities/72b0dc83701c045d954b457baed40697$TEMP_BLOCK,https://entity.api.hubmapconsortium.org/entities/72b0dc83701c045d954b457baed40697,6070
https://entity.api.hubmapconsortium.org/entities/59f249caa2fe225f030205c2abd86051$TEMP_DONOR,https://entity.api.hubmapconsortium.org/entities/59f249caa2fe225f030205c2abd86051$TEMP_BLOCK,https://entity.api.hubmapconsortium.org/entities/59f249caa2fe225f030205c2abd86051,3238
https://entity.api.hubmapconsortium.org/entities/0ca0721ae67b78b5eed7c0ef20dc6ac1$TEMP_DONOR,https://entity.api.hubmapconsortium.org/entities/0ca0721ae67b78b5eed7c0ef20dc6ac1$TEMP_BLOCK,https://entity.api.hubmapconsortium.org/entities/0ca0721ae67b78b5eed7c0ef20dc6ac1,7018
https://entity.api.hubmapconsortium.org/entities/65e850415322baad58626e3a228478dc$TEMP_DONOR,https://entity.api.hubmapconsortium.org/entities/65e850415322baad58626e3a228478dc$TEMP_BLOCK,https://entity.api.hubmapconsortium.org/entities/65e850415322baad58626e3a228478dc,6326
https://entity.api.hubmapconsortium.org/entities/215f1050fc286dcc579edfd9c2494de1$TEMP_DONOR,https://entity.api.hubmapconsortium.org/entities/215f1050fc286dcc579edfd9c2494de1$TEMP_BLOCK,https://entity.api.hubmapconsortium.org/entities/215f1050fc286dcc579edfd9c2494de1,4444
https://entity.api.hubmapconsortium.org/entities/6c75548f017fe5891f2ddc91566565f0$TEMP_DONOR,https://entity.api.hubmapconsortium.org/entities/6c75548f017fe5891f2ddc91566565f0$TEMP_BLOCK,https://entity.api.hubmapconsortium.org/entities/6c75548f017fe5891f2ddc91566565f0,3381
https://entity.api.hubmapconsortium.org/entities/ec85791b4b73e76bf32bb40bad60fb50$TEMP_DONOR,https://entity.api.hubmapconsortium.org/entities/ec85791b4b73e76bf32bb40bad60fb50$TEMP_BLOCK,https://entity.api.hubmapconsortium.org/entities/ec85791b4b73e76bf32bb40bad60fb50,7645
https://doi.org/10.1101/2023.11.10.566670#phenotypes_invasive_margin$TEMP_DONOR,https://doi.org/10.1101/2023.11.10.566670#phenotypes_invasive_margin$TEMP_BLOCK,https://doi.org/10.1101/2023.11.10.566670#phenotypes_invasive_margin,43966
https://doi.org/10.1101/2023.11.10.566670#phenotypes_melanoma_in_situ$TEMP_DONOR,https://doi.org/10.1101/2023.11.10.566670#phenotypes_melanoma_in_situ$TEMP_BLOCK,https://doi.org/10.1101/2023.11.10.566670#phenotypes_melanoma_in_situ,11289
https://entity.api.hubmapconsortium.org/entities/2b57ac6fea7aa96d26d2685a297a4e7a$TEMP_DONOR,https://entity.api.hubmapconsortium.org/entities/2b57ac6fea7aa96d26d2685a297a4e7a$TEMP_BLOCK,https://entity.api.hubmapconsortium.org/entities/2b57ac6fea7aa96d26d2685a297a4e7a,226384
https://entity.api.hubmapconsortium.org/entities/00d1a3623dac388773bc7780fcb42797$TEMP_DONOR,https://entity.api.hubmapconsortium.org/entities/00d1a3623dac388773bc7780fcb42797$TEMP_BLOCK,https://entity.api.hubmapconsortium.org/entities/00d1a3623dac388773bc7780fcb42797,152896
https://entity.api.hubmapconsortium.org/entities/654418415bed5ecb9596b17a0320a2c6$TEMP_DONOR,https://entity.api.hubmapconsortium.org/entities/654418415bed5ecb9596b17a0320a2c6$TEMP_BLOCK,https://entity.api.hubmapconsortium.org/entities/654418415bed5ecb9596b17a0320a2c6,177777
https://entity.api.hubmapconsortium.org/entities/3de2804ec3219228758dba8382d33423$TEMP_DONOR,https://entity.api.hubmapconsortium.org/entities/3de2804ec3219228758dba8382d33423$TEMP_BLOCK,https://entity.api.hubmapconsortium.org/entities/3de2804ec3219228758dba8382d33423,130584
https://entity.api.hubmapconsortium.org/entities/1393ff7729eff13cd2f4d5d58af96fdb$TEMP_DONOR,https://entity.api.hubmapconsortium.org/entities/1393ff7729eff13cd2f4d5d58af96fdb$TEMP_BLOCK,https://entity.api.hubmapconsortium.org/entities/1393ff7729eff13cd2f4d5d58af96fdb,154446
https://entity.api.hubmapconsortium.org/entities/d73a864f5ad6bdffdf148f43423e2a01$TEMP_DONOR,https://entity.api.hubmapconsortium.org/entities/d73a864f5ad6bdffdf148f43423e2a01$TEMP_BLOCK,https://entity.api.hubmapconsortium.org/entities/d73a864f5ad6bdffdf148f43423e2a01,150311
https://doi.org/10.1038/s41592-022-01651-8#tonsil$TEMP_DONOR,https://doi.org/10.1038/s41592-022-01651-8#tonsil$TEMP_BLOCK,https://doi.org/10.1038/s41592-022-01651-8#tonsil,173968